id,raceId,,pilotoId,numero_pilotos,,,pilotos,posicao,
,resultado_pontuacao,,,tempo,rank,autodromo,ano,,
0,842,20,5,vettel,1,25,31:26.3,7,Malaysian 
Grand Prix,,2011,,,,,,,
1,841,20,5,vettel,1,25,31:26.3,7,Australian 
Grand Prix,,2011,,,,,,,
2,844,20,5,vettel,1,25,36:00.5,1,Turkish 
Grand Prix,,2011,,,,,,,
3,859,20,5,vettel,1,25,36:00.5,1,Brazilian 
Grand Prix,,2011,,,,,,,
4,846,20,5,vettel,1,25,36:00.5,1,Monaco 
Grand Prix,,2011,,,,,,,
5,847,20,5,vettel,1,25,36:00.5,1,Canadian 
Grand Prix,,2011,,,,,,,
6,857,20,5,vettel,1,25,36:00.5,1,Indian 
Grand Prix,,2011,,,,,,,
7,851,20,5,vettel,1,25,36:00.5,1,Hungarian 
Grand Prix,,2011,,,,,,,
8,852,20,5,vettel,1,25,36:00.5,1,Belgian 
Grand Prix,,2011,,,,,,,
9,853,20,5,vettel,1,25,36:00.5,1,Italian 
Grand Prix,,2011,,,,,,,
10,854,20,5,vettel,1,25,36:00.5,1,Singapore 
Grand Prix,,2011,,,,,,,
11,855,20,5,vettel,1,25,36:00.5,1,Japanese 
Grand Prix,,2011,,,,,,,
12,848,20,5,vettel,1,25,36:00.5,1,European 
Grand Prix,,2011,,,,,,,
13,843,20,5,vettel,1,25,36:00.5,1,Chinese 
Grand Prix,,2011,,,,,,,
14,849,20,5,vettel,1,25,38:06.1,2,British 
Grand Prix,,2011,,,,,,,
15,845,20,5,vettel,1,25,38:06.1,2,Spanish 
Grand Prix,,2011,,,,,,,
16,858,1,44,hamilton,1,25,40:26.0,1,Abu Dhabi 
Grand Prix,,2011,,,,,,,
17,850,1,44,hamilton,1,25,40:26.0,1,German 
Grand Prix,,2011,,,,,,,
18,856,1,44,hamilton,1,25,50:52.7,2,Korean 
Grand Prix,,2011,,,,,,,
19,856,1,44,hamilton,2,18,15.07 4,Korean Grand Prix,
,2011,,,,,,,,
20,841,20,5,vettel,2,18,16.696,5,Australian 
Grand Prix,,2011,,,,,,,
21,842,20,5,vettel,2,18,16.696,5,Malaysian 
Grand Prix,,2011,,,,,,,
22,843,20,5,vettel,2,18,16.696,5,Chinese 
Grand Prix,,2011,,,,,,,
23,848,20,5,vettel,2,18,16.696,5,European 
Grand Prix,,2011,,,,,,,
24,844,20,5,vettel,2,18,16.696,5,Turkish 
Grand Prix,,2011,,,,,,,
25,846,20,5,vettel,2,18,16.696,5,Monaco 
Grand Prix,,2011,,,,,,,
26,859,20,5,vettel,2,18,16.696,,5,Brazilian 
Grand Prix,,2011,,,,,,,,
27,855,20,5,vettel,2,18,16.696,,5,Japanese 
Grand Prix,,2011,,,,,,,,
28,854,20,5,vettel,2,18,16.696,,5,Singapore 
Grand Prix,,2011,,,,,,,,
29,853,20,5,vettel,2,18,16.696,,5,Italian 
Grand Prix,,2011,,,,,,,,
30,847,20,5,vettel,2,18,16.696,,5,Canadian 
Grand Prix,,2011,,,,,,,,
31,857,20,5,vettel,2,18,16.696,,5,Indian 
Grand Prix,,2011,,,,,,,,
32,851,20,5,vettel,2,18,16.696,,5,Hungarian 
Grand Prix,,2011,,,,,,,,
33,852,20,5,vettel,2,18,16.696,,5,Belgian 
Grand Prix,,2011,,,,,,,,
34,849,20,5,vettel,2,18,2.358 1,,British Grand ,
Prix,2011,,,,,,,,,
35,845,20,5,vettel,2,18,2.358 1,,Spanish Grand ,
Prix,2011,,,,,,,,,
36,850,1,44,hamilton,2,18,8.06,4,German Grand Prix,
,2011,,,,,,,,,
37,858,1,44,hamilton,2,18,8.06,4,Abu Dhabi Grand ,
Prix,2011,,,,,,,,,
38,856,1,44,hamilton,3,15,12.322,,6,Korean 
Grand Prix,,2011,,,,,,,,
39,849,20,5,vettel,3,15,24.534,,4,British 
Grand Prix,,2011,,,,,,,,
40,845,20,5,vettel,3,15,24.534,,4,Spanish 
Grand Prix,,2011,,,,,,,,
41,842,20,5,vettel,3,15,3.381 3,,Malaysian Grand ,
Prix,2011,,,,,,,,,
42,848,20,5,vettel,3,15,3.381 3,,European Grand ,
Prix,2011,,,,,,,,,
43,851,20,5,vettel,3,15,3.381 3,,Hungarian Grand ,
Prix,2011,,,,,,,,,
44,847,20,5,vettel,3,15,3.381 3,,Canadian Grand ,
Prix,2011,,,,,,,,,
45,859,20,5,vettel,3,15,3.381 3,,Brazilian Grand ,
Prix,2011,,,,,,,,,
46,857,20,5,vettel,3,15,3.381 3,,Indian Grand Prix,
,2011,,,,,,,,,
47,854,20,5,vettel,3,15,3.381 3,,Singapore Grand ,
Prix,2011,,,,,,,,,
48,846,20,5,vettel,3,15,3.381 3,,Monaco Grand Prix,
,2011,,,,,,,,,
49,852,20,5,vettel,3,15,3.381 3,,Belgian Grand ,
Prix,2011,,,,,,,,,
50,841,20,5,vettel,3,15,3.381 3,,Australian Grand ,
Prix,2011,,,,,,,,,
51,853,20,5,vettel,3,15,3.381 3,,Italian Grand ,
Prix,2011,,,,,,,,,
52,844,20,5,vettel,3,15,3.381 3,,Turkish Grand ,
Prix,2011,,,,,,,,,
53,843,20,5,vettel,3,15,3.381 3,Chinese Grand ,,
Prix,2011,,,,,,,,,
54,855,20,5,vettel,3,15,3.381 3,Japanese Grand ,,
Prix,2011,,,,,,,,,
55,850,1,44,hamilton,3,15,30.148,2,German ,
Grand Prix,,2011,,,,,,,,
56,858,1,44,hamilton,3,15,30.148,2,Abu,Dhabi 
Grand Prix,,2011,,,,,,,,
57,858,1,44,hamilton,4,12,12.885,5,Abu,Dhabi 
Grand Prix,,2011,,,,,,,,
58,850,1,44,hamilton,4,12,12.885,5,German ,
Grand Prix,,2011,,,,,,,,
59,844,20,5,vettel,4,12,38.273,9,Turkish ,
Grand Prix,,2011,,,,,,,,
60,846,20,5,vettel,4,12,38.273,9,Monaco ,
Grand Prix,,2011,,,,,,,,
61,848,20,5,vettel,4,12,38.273,9,European ,
Grand Prix,,2011,,,,,,,,
62,851,20,5,vettel,4,12,38.273,9,Hungarian ,
Grand Prix,,2011,,,,,,,,
63,842,20,5,vettel,4,12,38.273,9,Malaysian ,
Grand Prix,,2011,,,,,,,,
64,852,20,5,vettel,4,12,38.273,9,Belgian ,
Grand Prix,,2011,,,,,,,,
65,843,20,5,vettel,4,12,38.273,9,Chinese ,
Grand Prix,,2011,,,,,,,,
66,841,20,5,vettel,4,12,38.273,9,Australian ,
Grand Prix,,2011,,,,,,,,
67,855,20,5,vettel,4,12,38.273,9,Japanese ,
Grand Prix,,2011,,,,,,,,
68,853,20,5,vettel,4,12,38.273,9,Italian ,
Grand Prix,,2011,,,,,,,,
69,847,20,5,vettel,4,12,38.273,9,Canadian ,
Grand Prix,,2011,,,,,,,,
70,857,20,5,vettel,4,12,38.273,9,Indian ,
Grand Prix,,2011,,,,,,,,
71,859,20,5,vettel,4,12,38.273,9,Brazilian ,
Grand Prix,,2011,,,,,,,,
72,854,20,5,vettel,4,12,38.273,9,Singapore ,
Grand Prix,,2011,,,,,,,,
73,849,20,5,vettel,4,12,43.134,1,British ,
Grand Prix,,2011,,,,,,,,
74,856,1,44,hamilton,4,12,5.468 2,Korean Grand Prix,,
,2011,,,,,,,,,
75,845,20,5,vettel,4,5,53.509,13,Spanish ,
Grand Prix,,2011,,,,,,,,
76,845,20,5,vettel,5,4,10.268,9,Spanish ,
Grand Prix,,2011,,,,,,,,
77,850,1,44,hamilton,5,10,25.255,5,German ,
Grand Prix,,2011,,,,,,,,
78,858,1,44,hamilton,5,10,25.255,5,Abu Dhabi ,
Grand Prix,,2011,,,,,,,,
79,849,20,5,vettel,5,10,27.313,2,British ,
Grand Prix,,2011,,,,,,,,
80,859,20,5,vettel,5,10,52.196,5,Brazilian 
Grand Prix,,2011,,,,,,,
81,848,20,5,vettel,5,10,52.196,5,European 
Grand Prix,,2011,,,,,,,
82,841,20,5,vettel,5,10,52.196,5,Australian 
Grand Prix,,2011,,,,,,,
83,842,20,5,vettel,5,10,52.196,5,Malaysian 
Grand Prix,,2011,,,,,,,
84,854,20,5,vettel,5,10,52.196,5,Singapore 
Grand Prix,,2011,,,,,,,
85,851,20,5,vettel,5,10,52.196,5,Hungarian 
Grand Prix,,2011,,,,,,,
86,857,20,5,vettel,5,10,52.196,5,Indian 
Grand Prix,,2011,,,,,,,
87,855,20,5,vettel,5,10,52.196,5,Japanese 
Grand Prix,,2011,,,,,,,
88,852,20,5,vettel,5,10,52.196,5,Belgian 
Grand Prix,,2011,,,,,,,
89,843,20,5,vettel,5,10,52.196,5,Chinese 
Grand Prix,,2011,,,,,,,
90,853,20,5,vettel,5,10,52.196,5,Italian 
Grand Prix,,2011,,,,,,,
91,844,20,5,vettel,5,10,52.196,5,Turkish 
Grand Prix,,2011,,,,,,,
92,847,20,5,vettel,5,10,52.196,5,Canadian 
Grand Prix,,2011,,,,,,,
93,846,20,5,vettel,5,10,52.196,5,Monaco 
Grand Prix,,2011,,,,,,,
94,856,1,44,hamilton,5,10,56.335,2,Korean 
Grand Prix,,2011,,,,,,,
95,856,1,44,hamilton,6,3,+1:11.866,12,Korean 
Grand Prix,,2011,,,,,,,
96,845,20,5,vettel,6,3,39.207,12,Spanish 
Grand Prix,,2011,,,,,,,
97,842,20,5,vettel,6,8,45.394,5,Malaysian 
Grand Prix,,2011,,,,,,,
98,846,20,5,vettel,6,8,45.394,5,Monaco 
Grand Prix,,2011,,,,,,,
99,841,20,5,vettel,6,8,45.394,5,Australian 
Grand Prix,,2011,,,,,,,
100 855 20,,,5,vettel,6,8,45.394,5,Japanese 
Grand Prix,,2011,,,,,,,
101 854 20,,,5,vettel,6,8,45.394,5,Singapore 
Grand Prix,,2011,,,,,,,
102 843 20,,,5,vettel,6,8,45.394,5,Chinese 
Grand Prix,,2011,,,,,,,
103 852 20,,,5,vettel,6,8,45.394,5,Belgian 
Grand Prix,,2011,,,,,,,
104 851 20,,,5,vettel,6,8,45.394,5,Hungarian 
Grand Prix,,2011,,,,,,,
105 853 20,,,5,vettel,6,8,45.394,5,Italian 
Grand Prix,,2011,,,,,,,
106 859 20,,,5,vettel,6,8,45.394,5,Brazilian 
Grand Prix,,2011,,,,,,,
107 848 20,,5,vettel,6,8,45.394,5,European 
Grand Prix,2011,,,,,,,
108 847 20,,5,vettel,6,8,45.394,5,Canadian 
Grand Prix,2011,,,,,,,
109 857 20,,5,vettel,6,8,45.394,5,Indian 
Grand Prix,2011,,,,,,,
110 844 20,,5,vettel,6,8,45.394,5,Turkish 
Grand Prix,2011,,,,,,,
111 850 1,,44,hamilton,6,8,52.475,15,German 
Grand Prix,2011,,,,,,,
112 858 1,,44,hamilton,6,8,52.475,15,Abu Dhabi 
Grand Prix,2011,,,,,,,
113 849 20,,5,vettel,6,3,52.625,6,British 
Grand Prix,2011,,,,,,,
114 858 1,,44,hamilton,7,6,+1:19.267,10,Abu Dhabi 
Grand Prix,2011,,,,,,,
115 850 1,,44,hamilton,7,6,+1:19.267,10,German 
Grand Prix,2011,,,,,,,
116 856 1,,44,hamilton,7,6,15.801,5,Korean 
Grand Prix,2011,,,,,,,
117 849 20,,5,vettel,7,6,36.734,3,British 
Grand Prix,2011,,,,,,,
118 845 20,,5,vettel,7,6,36.734,3,Spanish 
Grand Prix,2011,,,,,,,
119 843 20,,5,vettel,7,6,40.964,9,Chinese 
Grand Prix,2011,,,,,,,
120 855 20,,5,vettel,7,6,40.964,9,Japanese 
Grand Prix,2011,,,,,,,
121 859 20,,5,vettel,7,6,40.964,9,Brazilian 
Grand Prix,2011,,,,,,,
122 857 20,,5,vettel,7,6,40.964,9,Indian 
Grand Prix,2011,,,,,,,
123 842 20,,5,vettel,7,6,40.964,9,Malaysian 
Grand Prix,2011,,,,,,,
124 851 20,,5,vettel,7,6,40.964,9,Hungarian 
Grand Prix,2011,,,,,,,
125 846 20,,5,vettel,7,6,40.964,9,Monaco 
Grand Prix,2011,,,,,,,
126 841 20,,5,vettel,7,6,40.964,9,Australian 
Grand Prix,2011,,,,,,,
127 848 20,,5,vettel,7,6,40.964,9,European 
Grand Prix,2011,,,,,,,
128 854 20,,5,vettel,7,6,40.964,9,Singapore 
Grand Prix,2011,,,,,,,
129 847 20,,5,vettel,7,6,40.964,9,Canadian 
Grand Prix,2011,,,,,,,
130 853 20,,5,vettel,7,6,40.964,9,Italian 
Grand Prix,2011,,,,,,,
131 852 20,,5,vettel,7,6,40.964,9,Belgian 
Grand Prix,2011,,,,,,,
132 844 20,,5,vettel,7,6,40.964,9,Turkish 
Grand Prix,2011,,,,,,,
133 856 1,,44,hamilton,8,4,+1:09.957,5,Korean 
Grand Prix,2011,,,,,,,
134 848 20,,,5,vettel,8,8,+1:12.045,,3,European ,
Grand Prix,,2011,,,,,,,,,
135 844 20,,,5,vettel,8,8,+1:12.045,,3,Turkish ,
Grand Prix,,2011,,,,,,,,,
136 846 20,,,5,vettel,8,8,+1:12.045,,3,Monaco ,
Grand Prix,,2011,,,,,,,,,
137 843 20,,,5,vettel,8,8,+1:12.045,,3,Chinese ,
Grand Prix,,2011,,,,,,,,,
138 842 20,,,5,vettel,8,8,+1:12.045,,3,Malaysian ,
Grand Prix,,2011,,,,,,,,,
139 847 20,,,5,vettel,8,8,+1:12.045,,3,Canadian ,
Grand Prix,,2011,,,,,,,,,
140 841 20,,,5,vettel,8,8,+1:12.045,,3,Australian ,
Grand Prix,,2011,,,,,,,,,
141 850 1,,,44,hamilton,8,4,+1:18.140,,18,German ,
Grand Prix,,2011,,,,,,,,,
142 851 20,,,5,vettel,8,1,+1:25.407,,7,Hungarian ,
Grand Prix,,2011,,,,,,,,,
143 852 20,,,5,vettel,8,1,+1:25.407,,7,Belgian ,
Grand Prix,,2011,,,,,,,,,
144 859 20,,,5,vettel,8,1,+1:25.407,,7,Brazilian ,
Grand Prix,,2011,,,,,,,,,
145 857 20,,,5,vettel,8,1,+1:25.407,,7,Indian ,
Grand Prix,,2011,,,,,,,,,
146 855 20,,,5,vettel,8,1,+1:25.407,,7,Japanese ,
Grand Prix,,2011,,,,,,,,,
147 849 20,,,5,vettel,8,1,33.299,,8,British ,
Grand Prix,,2011,,,,,,,,,
148,854,20,5,vettel,8,1,54.12 12,,Singapore Grand ,,
Prix,2011,,,,,,,,,,
149,858,1,44,hamilton,8,4,58.984,,7,Abu,Dhabi 
Grand Prix,,2011,,,,,,,,,
150,853,20,5,vettel,8,1,67.7,6,Italian Grand ,,
Prix,2011,,,,,,,,,,
151,845,20,5,vettel,8,1,67.7,6,Spanish Grand ,,
Prix,2011,,,,,,,,,,
152,845,20,5,vettel,9,0,+1:04.339,,9,Spanish ,
Grand Prix,,2011,,,,,,,,,
153 849 20,,,5,vettel,9,0,+1:04.339,,9,British ,
Grand Prix,,2011,,,,,,,,,
154 858 1,,,44,hamilton,9,2,+1:12.903,,10,Abu Dhabi ,
Grand Prix,,2011,,,,,,,,,
155 850 1,,,44,hamilton,9,2,+1:12.903,,10,German ,
Grand Prix,,2011,,,,,,,,,
156 844 20,,,5,vettel,9,2,+1:31.654,,7,Turkish ,
Grand Prix,,2011,,,,,,,,,
157 846 20,,,5,vettel,9,2,+1:31.654,,7,Monaco ,
Grand Prix,,2011,,,,,,,,,
158 854 20,,,5,vettel,9,2,+1:31.654,,7,Singapore ,
Grand Prix,,2011,,,,,,,,,
159 857 20,,,5,vettel,9,2,+1:31.654,,7,Indian ,
Grand Prix,,2011,,,,,,,,,
160 841 20,,,5,vettel,9,2,+1:31.654,,7,Australian ,
Grand Prix,,2011,,,,,,,,,
161 843 20,,5,vettel,9,2,+1:31.654,7,Chinese 
Grand Prix,2011,,,,,,,
162 859 20,,5,vettel,9,2,+1:31.654,7,Brazilian 
Grand Prix,2011,,,,,,,
163 848 20,,5,vettel,9,2,+1:31.654,7,European 
Grand Prix,2011,,,,,,,
164 852 20,,5,vettel,9,2,+1:31.654,7,Belgian 
Grand Prix,2011,,,,,,,
165 847 20,,5,vettel,9,2,+1:31.654,7,Canadian 
Grand Prix,2011,,,,,,,
166 842 20,,5,vettel,9,2,+1:31.654,7,Malaysian 
Grand Prix,2011,,,,,,,
167 853 20,,5,vettel,9,2,+1:31.654,7,Italian 
Grand Prix,2011,,,,,,,
168 855 20,,5,vettel,9,2,+1:31.654,7,Japanese 
Grand Prix,2011,,,,,,,
169 851 20,,5,vettel,9,2,+1:31.654,7,Hungarian 
Grand Prix,2011,,,,,,,
170 856 1,,44,hamilton,9,2,33.527,1,Korean 
Grand Prix,2011,,,,,,,
171 855 18,,22,button,10,1,+1:17.278,12,Japanese 
Grand Prix,2011,,,,,,,
172 846 18,,22,button,10,1,+1:17.278,12,Monaco 
Grand Prix,2011,,,,,,,
173 854 18,,22,button,10,1,+1:17.278,12,Singapore 
Grand Prix,2011,,,,,,,
174 859 18,,22,button,10,1,+1:17.278,12,Brazilian 
Grand Prix,2011,,,,,,,
175 843 18,,22,button,10,1,+1:17.278,12,Chinese 
Grand Prix,2011,,,,,,,
176 844 3,,6,rosberg,10,1,44.322,3,Turkish 
Grand Prix,2011,,,,,,,
177 847 4,,14,alonso,10,1,44.432,12,Canadian 
Grand Prix,2011,,,,,,,
178 856 1,,44,hamilton,10,0,54.538,5,Korean 
Grand Prix,2011,,,,,,,
179 845 1,,44,hamilton,10,0,54.538,5,Spanish 
Grand Prix,2011,,,,,,,
180 848 1,,44,hamilton,10,0,54.538,5,European 
Grand Prix,2011,,,,,,,
181 853 1,,44,hamilton,10,0,54.538,5,Italian 
Grand Prix,2011,,,,,,,
182 841 1,,44,hamilton,10,0,54.538,5,Australian 
Grand Prix,2011,,,,,,,
183 857 1,,44,hamilton,10,0,54.538,5,Indian 
Grand Prix,2011,,,,,,,
184 849 4,,14,alonso,10,1,59.896,2,British 
Grand Prix,2011,,,,,,,
185 851 1,,44,hamilton,10,1,79.692,9,Hungarian 
Grand Prix,2011,,,,,,,
186 850 1,,44,hamilton,10,1,79.692,9,German 
Grand Prix,2011,,,,,,,
187 852 1,,44,hamilton,10,1,79.692,9,Belgian 
Grand Prix,2011,,,,,,,
188 858 1,,44,hamilton,10,1,79.692,9,Abu Dhabi 
Grand Prix,2011,,,,,,,
189 842 1,,44,hamilton,10,1,79.692,9,Malaysian 
Grand Prix,2011,,,,,,,
190 858 18,,22,button,11,0,+1:07.540,19,Abu Dhabi 
Grand Prix,2011,,,,,,,
191 851 20,,5,vettel,11,0,+1:15.527,4,Hungarian 
Grand Prix,2011,,,,,,,
192 850 20,,5,vettel,11,0,+1:15.527,4,German 
Grand Prix,2011,,,,,,,
193 841 20,,5,vettel,11,0,+1:15.527,4,Australian 
Grand Prix,2011,,,,,,,
194 854 20,,5,vettel,11,0,+1:15.527,4,Singapore 
Grand Prix,2011,,,,,,,
195 853 20,,5,vettel,11,0,+1:15.527,4,Italian 
Grand Prix,2011,,,,,,,
196 848 20,,5,vettel,11,0,+1:15.527,4,European 
Grand Prix,2011,,,,,,,
197 847 20,,5,vettel,11,0,+1:15.527,4,Canadian 
Grand Prix,2011,,,,,,,
198 845 20,,5,vettel,11,0,+1:15.527,4,Spanish 
Grand Prix,2011,,,,,,,
199 852 20,,5,vettel,11,0,+1:15.527,4,Belgian 
Grand Prix,2011,,,,,,,
200 856 20,,5,vettel,11,0,+1:15.527,4,Korean 
Grand Prix,2011,,,,,,,
201 842 20,,5,vettel,11,0,+1:15.527,4,Malaysian 
Grand Prix,2011,,,,,,,
202 843 20,,5,vettel,11,0,+1:15.527,4,Chinese 
Grand Prix,2011,,,,,,,
203 857 20,,5,vettel,11,0,+1:15.527,4,Indian 
Grand Prix,2011,,,,,,,
204 859 20,,5,vettel,11,0,+1:15.527,4,Brazilian 
Grand Prix,2011,,,,,,,
205 849 20,,5,vettel,11,0,+1:15.527,4,British 
Grand Prix,2011,,,,,,,
206 855 20,,5,vettel,11,0,+1:15.527,4,Japanese 
Grand Prix,2011,,,,,,,
207 844 20,,5,vettel,11,0,+1:15.527,4,Turkish 
Grand Prix,2011,,,,,,,
208 846 20,,5,vettel,11,0,+1:15.527,4,Monaco 
Grand Prix,2011,,,,,,,
209 856 1,,44,hamilton,12,0,+1:18.900,11,Korean 
Grand Prix,2011,,,,,,,
210 858 1,,44,hamilton,12,0,+1:18.900,11,Abu Dhabi 
Grand Prix,2011,,,,,,,
211 850 1,,44,hamilton,12,0,+1:18.900,11,German 
Grand Prix,2011,,,,,,,
212 843 20,,5,vettel,12,0,58.065,11,Chinese 
Grand Prix,2011,,,,,,,
213 848 20,,5,vettel,12,0,58.065,11,European 
Grand Prix,2011,,,,,,,
214 844 20,,5,vettel,12,0,58.065,11,Turkish 
Grand Prix,2011,,,,,,,
215 851 20,,,5,vettel,12,0,58.065,11,Hungarian 
Grand Prix,,2011,,,,,,,
216 852 20,,,5,vettel,12,0,58.065,11,Belgian 
Grand Prix,,2011,,,,,,,
217 853 20,,,5,vettel,12,0,58.065,11,Italian 
Grand Prix,,2011,,,,,,,
218 857 20,,,5,vettel,12,0,58.065,11,Indian 
Grand Prix,,2011,,,,,,,
219 841 20,,,5,vettel,12,0,58.065,11,Australian 
Grand Prix,,2011,,,,,,,
220 854 20,,,5,vettel,12,0,58.065,11,Singapore 
Grand Prix,,2011,,,,,,,
221 855 20,,,5,vettel,12,0,58.065,11,Japanese 
Grand Prix,,2011,,,,,,,
222 846 20,,,5,vettel,12,0,58.065,11,Monaco 
Grand Prix,,2011,,,,,,,
223 849 20,,,5,vettel,12,0,58.065,11,British 
Grand Prix,,2011,,,,,,,
224 847 20,,,5,vettel,12,0,58.065,11,Canadian 
Grand Prix,,2011,,,,,,,
225 842 20,,,5,vettel,12,0,58.065,11,Malaysian 
Grand Prix,,2011,,,,,,,
226 845 20,,,5,vettel,12,0,58.065,11,Spanish 
Grand Prix,,2011,,,,,,,
227 859 20,,,5,vettel,12,0,58.065,11,Brazilian 
Grand Prix,,2011,,,,,,,
228,847,13 19 massa 13 0,,,,+1:15.975,3,Canadian Grand ,
Prix,2011,,,,,,,,
229,844,3,6,rosberg,13,0,+1:18.593,11,Turkish 
Grand Prix,,2011,,,,,,,
230 848 1,,,44,hamilton,13,0,+1:20.454,15,European 
Grand Prix,,2011,,,,,,,
231 852 1,,,44,hamilton,13,0,+1:20.454,15,Belgian 
Grand Prix,,2011,,,,,,,
232 853 1,,,44,hamilton,13,0,+1:20.454,15,Italian 
Grand Prix,,2011,,,,,,,
233 856 1,,,44,hamilton,13,0,+1:20.454,15,Korean 
Grand Prix,,2011,,,,,,,
234 858 1,,,44,hamilton,13,0,+1:20.454,15,Abu Dhabi 
Grand Prix,,2011,,,,,,,
235 842 1,,,44,hamilton,13,0,+1:20.454,15,Malaysian 
Grand Prix,,2011,,,,,,,
236 851 1,,,44,hamilton,13,0,+1:20.454,15,Hungarian 
Grand Prix,,2011,,,,,,,
237 850 1,,,44,hamilton,13,0,+1:20.454,15,German 
Grand Prix,,2011,,,,,,,
238 845 1,,,44,hamilton,13,0,+1:20.454,15,Spanish 
Grand Prix,,2011,,,,,,,
239 841 1,,,44,hamilton,13,0,+1:20.454,15,Australian 
Grand Prix,,2011,,,,,,,
240 857 1,,,44,hamilton,13,0,+1:20.454,15,Indian 
Grand Prix,,2011,,,,,,,
241,849,13 19 massa 13 0,,,,+1:26.914,11,British Grand ,
Prix,2011,,,,,,,,
242 846 18,,22,button,13,0,+1:41.990,3,Monaco 
Grand Prix,2011,,,,,,,
243 843 18,,22,button,13,0,+1:41.990,3,Chinese 
Grand Prix,2011,,,,,,,
244 855 18,,22,button,13,0,+1:41.990,3,Japanese 
Grand Prix,2011,,,,,,,
245 859 18,,22,button,13,0,25.969,16,Brazilian 
Grand Prix,2011,,,,,,,
246 854 18,,22,button,13,0,25.969,16,Singapore 
Grand Prix,2011,,,,,,,
247 845 4,,14,alonso,14,0,+1:02.385,1,Spanish 
Grand Prix,2011,,,,,,,
248 848 4,,14,alonso,14,0,+1:02.385,1,European 
Grand Prix,2011,,,,,,,
249 857 4,,14,alonso,14,0,+1:02.385,1,Indian 
Grand Prix,2011,,,,,,,
250 852 3,,6,rosberg,14,0,+1:08.635,10,Belgian 
Grand Prix,2011,,,,,,,
251 844 3,,6,rosberg,14,0,+1:08.635,10,Turkish 
Grand Prix,2011,,,,,,,
252 850 4,,14,alonso,14,0,+1:09.687,10,German 
Grand Prix,2011,,,,,,,
253 849 4,,14,alonso,14,0,+1:09.687,10,British 
Grand Prix,2011,,,,,,,
254 847 4,,14,alonso,14,0,+1:09.687,10,Canadian 
Grand Prix,2011,,,,,,,
255 858 18,,22,button,14,0,+1:19.719,14,Abu Dhabi 
Grand Prix,2011,,,,,,,
256 859 18,,22,button,14,0,+1:19.719,14,Brazilian 
Grand Prix,2011,,,,,,,
257 856 18,,22,button,14,0,+1:19.719,14,Korean 
Grand Prix,2011,,,,,,,
258 854 18,,22,button,14,0,+1:19.719,14,Singapore 
Grand Prix,2011,,,,,,,
259 842 18,,22,button,14,0,+1:19.719,14,Malaysian 
Grand Prix,2011,,,,,,,
260 843 18,,22,button,14,0,+1:19.719,14,Chinese 
Grand Prix,2011,,,,,,,
261 853 18,,22,button,14,0,+1:19.719,14,Italian 
Grand Prix,2011,,,,,,,
262 855 18,,22,button,14,0,+1:19.719,14,Japanese 
Grand Prix,2011,,,,,,,
263 846 18,,22,button,14,0,+1:19.719,14,Monaco 
Grand Prix,2011,,,,,,,
264 851 18,,22,button,14,0,+1:19.719,14,Hungarian 
Grand Prix,2011,,,,,,,
265 841 18,,22,button,14,0,+1:19.719,14,Australian 
Grand Prix,2011,,,,,,,
266 842 18,,22,button,15,0,+1:13.370,7,Malaysian 
Grand Prix,2011,,,,,,,
267 841 18,,22,button,15,0,+1:13.370,7,Australian 
Grand Prix,2011,,,,,,,
268 859 18,,22,button,15,0,+1:13.370,7,Brazilian 
Grand Prix,2011,,,,,,,
269 858 18,,,22,button,15,0,+1:13.370,7,Abu Dhabi 
Grand Prix,,2011,,,,,,,
270 856 18,,,22,button,15,0,+1:13.370,7,Korean 
Grand Prix,,2011,,,,,,,
271 855 18,,,22,button,15,0,+1:13.370,7,Japanese 
Grand Prix,,2011,,,,,,,
272 854 18,,,22,button,15,0,+1:13.370,7,Singapore 
Grand Prix,,2011,,,,,,,
273 846 18,,,22,button,15,0,+1:13.370,7,Monaco 
Grand Prix,,2011,,,,,,,
274 851 18,,,22,button,15,0,+1:13.370,7,Hungarian 
Grand Prix,,2011,,,,,,,
275 845 18,,,22,button,15,0,+1:13.370,7,Spanish 
Grand Prix,,2011,,,,,,,
276 843 18,,,22,button,15,0,+1:13.370,7,Chinese 
Grand Prix,,2011,,,,,,,
277 853 18,,,22,button,15,0,+1:13.370,7,Italian 
Grand Prix,,2011,,,,,,,
278 857 18,,,22,button,15,0,+1:13.370,7,Indian 
Grand Prix,,2011,,,,,,,
279,849,13,19,massa 15,0,+1:26.364,16,British Grand ,
Prix,2011,,,,,,,,
280,852,13,19,massa 15,0,+1:26.364,16,Belgian Grand ,
Prix,2011,,,,,,,,
281,847,13,19,massa 15,0,+1:26.364,16,Canadian Grand ,
Prix,2011,,,,,,,,
282,848,13,19,massa 15,0,+1:26.364,16,European Grand ,
Prix,2011,,,,,,,,
283,850,13,19,massa 15,0,+1:26.364,16,German Grand Prix,
,2011,,,,,,,,
284,844,3,6,rosberg,15,0,57.394,11,Turkish 
Grand Prix,,2011,,,,,,,
285 844 18,,,22,button,16,0,+1:21.994,10,Turkish 
Grand Prix,,2011,,,,,,,
286 852 18,,,22,button,16,0,+1:21.994,10,Belgian 
Grand Prix,,2011,,,,,,,
287 845 18,,,22,button,16,0,+1:21.994,10,Spanish 
Grand Prix,,2011,,,,,,,
288 849 18,,,22,button,16,0,+1:21.994,10,British 
Grand Prix,,2011,,,,,,,
289 857 18,,,22,button,16,0,+1:21.994,10,Indian 
Grand Prix,,2011,,,,,,,
290 843 18,,,22,button,16,0,+1:21.994,10,Chinese 
Grand Prix,,2011,,,,,,,
291 858 18,,,22,button,16,0,+1:21.994,10,Abu Dhabi 
Grand Prix,,2011,,,,,,,
292 859 18,,,22,button,16,0,+1:21.994,10,Brazilian 
Grand Prix,,2011,,,,,,,
293 851 18,,,22,button,16,0,+1:21.994,10,Hungarian 
Grand Prix,,2011,,,,,,,
294 853 18,,,22,button,16,0,+1:21.994,10,Italian 
Grand Prix,,2011,,,,,,,
295 854 18,,,22,button,16,0,+1:21.994,10,Singapore 
Grand Prix,,2011,,,,,,,
296 842 18,22,button,16,0,+1:21.994,10,Malaysian 
Grand Prix,2011,,,,,,
297 855 18,22,button,16,0,+1:21.994,10,Japanese 
Grand Prix,2011,,,,,,
298 846 18,22,button,16,0,+1:21.994,10,Monaco 
Grand Prix,2011,,,,,,
299 850 18,22,button,16,0,+1:21.994,10,German 
Grand Prix,2011,,,,,,
300 847 18,22,button,16,0,+1:21.994,10,Canadian 
Grand Prix,2011,,,,,,
301 848 18,22,button,16,0,+1:21.994,10,European 
Grand Prix,2011,,,,,,
302 856 18,22,button,16,0,+1:21.994,10,Korean 
Grand Prix,2011,,,,,,
303 841 18,22,button,16,0,+1:21.994,10,Australian 
Grand Prix,2011,,,,,,
304 856 817 3,,ricciardo,17,0,+1:03.156,15,Korean 
Grand Prix,2011,,,,,,
305 851 817 3,,ricciardo,17,0,+1:03.156,15,Hungarian 
Grand Prix,2011,,,,,,
306 858 817 3,,ricciardo,17,0,+1:03.156,15,Abu Dhabi 
Grand Prix,2011,,,,,,
307 857 817 3,,ricciardo,17,0,+1:03.156,15,Indian 
Grand Prix,2011,,,,,,
308 853 817 3,,ricciardo,17,0,+1:03.156,15,Italian 
Grand Prix,2011,,,,,,
309 855 817 3,,ricciardo,17,0,+1:03.156,15,Japanese 
Grand Prix,2011,,,,,,
310 854 817 3,,ricciardo,17,0,+1:03.156,15,Singapore 
Grand Prix,2011,,,,,,
311 859 817 3,,ricciardo,17,0,+1:03.156,15,Brazilian 
Grand Prix,2011,,,,,,
312 850 817 3,,ricciardo,17,0,+1:03.156,15,German 
Grand Prix,2011,,,,,,
313 852 817 3,,ricciardo,17,0,+1:03.156,15,Belgian 
Grand Prix,2011,,,,,,
314 849 817 3,,ricciardo,17,0,+1:03.156,15,British 
Grand Prix,2011,,,,,,
315 871 18,22,button,1,25,29:08.5,10,Belgian 
Grand Prix,2012,,,,,,
316 862 3,6,rosberg,1,25,32:52.4,1,Chinese 
Grand Prix,2012,,,,,,
317 865 3,6,rosberg,1,25,32:52.4,1,Monaco 
Grand Prix,2012,,,,,,
318 863 20,5,vettel,1,25,36:00.5,1,Bahrain 
Grand Prix,2012,,,,,,
319 866 20,5,vettel,1,25,36:00.5,1,Canadian 
Grand Prix,2012,,,,,,
320 877 20,5,vettel,1,25,36:00.5,1,Abu Dhabi 
Grand Prix,2012,,,,,,
321 867 20,5,vettel,1,25,36:00.5,1,European 
Grand Prix,2012,,,,,,
322 878 20,5,vettel,1,25,36:00.5,1,United 
States Grand Prix,2012,,,,,,
323 876 20,,5,vettel,1,25,36:00.5,1,Indian ,
Grand Prix,2012,,,,,,,,
324 874 20,,5,vettel,1,25,36:00.5,1,Japanese ,
Grand Prix,2012,,,,,,,,
325 875 20,,5,vettel,1,25,38:06.1,2,Korean ,
Grand Prix,2012,,,,,,,,
326 868 4,,14,alonso,1,25,39:16.6,5,British ,
Grand Prix,2012,,,,,,,,
327 869 4,,14,alonso,1,25,39:16.6,5,German ,
Grand Prix,2012,,,,,,,,
328 879 1,,44,hamilton,1,25,50:52.7,2,Brazilian ,
Grand Prix,2012,,,,,,,,
329 860 1,,44,hamilton,1,25,50:52.7,2,Australian ,
Grand Prix,2012,,,,,,,,
330 864 1,,44,hamilton,1,25,50:52.7,2,Spanish ,
Grand Prix,2012,,,,,,,,
331 872 1,,44,hamilton,1,25,50:52.7,2,Italian ,
Grand Prix,2012,,,,,,,,
332 873 1,,44,hamilton,1,25,50:52.7,2,Singapore ,
Grand Prix,2012,,,,,,,,
333 870 1,,44,hamilton,1,25,50:52.7,2,Hungarian ,
Grand Prix,2012,,,,,,,,
334 861 1,,44,hamilton,1,25,50:52.7,2,Malaysian ,
Grand Prix,2012,,,,,,,,
335 869 4,,14,alonso,2,18,14.408,2,German ,
Grand Prix,2012,,,,,,,,
336 868 4,,14,alonso,2,18,14.408,2,British ,
Grand Prix,2012,,,,,,,,
337,861,1,44,hamilton,2,18,15.07 4,Malaysian Grand ,
Prix,2012,,,,,,,,
338,860,1,44,hamilton,2,18,15.07 4,Australian Grand ,
Prix,2012,,,,,,,,
339,864,1,44,hamilton,2,18,15.07 4,Spanish Grand ,
Prix,2012,,,,,,,,
340,872,1,44,hamilton,2,18,15.07 4,Italian Grand ,
Prix,2012,,,,,,,,
341,870,1,44,hamilton,2,18,15.07 4,Hungarian Grand ,
Prix,2012,,,,,,,,
342,873,1,44,hamilton,2,18,15.07 4,Singapore Grand ,
Prix,2012,,,,,,,,
343,879,1,44,hamilton,2,18,15.07 4,Brazilian Grand ,
Prix,2012,,,,,,,,
344,874,20,5,vettel,2,18,16.696,5,Japanese 
Grand Prix,2012,,,,,,,,
345 866 20,,5,vettel,2,18,16.696,5,Canadian ,
Grand Prix,2012,,,,,,,,
346 863 20,,5,vettel,2,18,16.696,5,Bahrain ,
Grand Prix,2012,,,,,,,,
347 878 20,,5,vettel,2,18,16.696,5,United ,
States Grand Prix,,2012,,,,,,,
348 867 20,,5,vettel,2,18,16.696,5,European ,
Grand Prix,2012,,,,,,,,
349 876 20,,5,vettel,2,18,16.696,5,Indian ,
Grand Prix,2012,,,,,,,,
350,862,3,6,rosberg,2,18,2.85,1,Chinese Grand ,
Prix,2012,,,,,,,,,
351,865,3,6,rosberg,2,18,3.175 2,,Monaco Grand Prix,
,2012,,,,,,,,,
352,877,20,5,vettel,2,18,3.888 1,,Abu Dhabi Grand ,
Prix,2012,,,,,,,,,
353,875,20,5,vettel,2,18,6.25,2,Korean Grand Prix,
,2012,,,,,,,,,
354,871,18,22,button,2,18,6.949 8,,Belgian Grand ,
Prix,2012,,,,,,,,,
355,877,20,5,vettel,3,15,0.843 1,,Abu Dhabi Grand ,
Prix,2012,,,,,,,,,
356,860,1,44,hamilton,3,15,12.322,,6,Australian 
Grand Prix,,2012,,,,,,,,
357 873 1,,,44,hamilton,3,15,12.322,,6,Singapore 
Grand Prix,,2012,,,,,,,,
358 864 1,,,44,hamilton,3,15,12.322,,6,Spanish 
Grand Prix,,2012,,,,,,,,
359 872 1,,,44,hamilton,3,15,12.322,,6,Italian 
Grand Prix,,2012,,,,,,,,
360 861 1,,,44,hamilton,3,15,12.322,,6,Malaysian 
Grand Prix,,2012,,,,,,,,
361 879 1,,,44,hamilton,3,15,12.322,,6,Brazilian 
Grand Prix,,2012,,,,,,,,
362 870 1,,,44,hamilton,3,15,12.322,,6,Hungarian 
Grand Prix,,2012,,,,,,,,
363,863,20,5,vettel,3,15,3.381 3,,Bahrain Grand ,
Prix,2012,,,,,,,,,
364,866,20,5,vettel,3,15,3.381 3,,Canadian Grand ,
Prix,2012,,,,,,,,,
365,867,20,5,vettel,3,15,3.381 3,,European Grand ,
Prix,2012,,,,,,,,,
366,874,20,5,vettel,3,15,3.381 3,,Japanese Grand ,
Prix,2012,,,,,,,,,
367,876,20,5,vettel,3,15,3.381 3,,Indian Grand Prix,
,2012,,,,,,,,,
368,878,20,5,vettel,3,15,3.381 3,,United States ,
Grand Prix,,2012,,,,,,,,
369,862,3,6,rosberg,3,15,33.65 6,,Chinese Grand ,
Prix,2012,,,,,,,,,
370,871,18,22,button,3,15,35.697,,7,Belgian 
Grand Prix,,2012,,,,,,,,
371,865,3,6,rosberg,3,15,6.033 3,,Monaco Grand Prix,
,2012,,,,,,,,,
372,868,4,14,alonso,3,15,7.124 3,,British Grand ,
Prix,2012,,,,,,,,,
373,869,4,14,alonso,3,15,7.124 3,,German Grand Prix,
,2012,,,,,,,,,
374,875,20,5,vettel,3,15,9.643 2,,Korean Grand Prix,
,2012,,,,,,,,,
375,865,3,6,rosberg,4,12,+6.361s,,1,Monaco 
Grand Prix,,2012,,,,,,,,
376 869 4,,,14,alonso,4,12,15.389,,6,German 
Grand Prix,,2012,,,,,,,,
377 868 4,,,14,alonso,4,12,15.389,6,British 
Grand Prix,,2012,,,,,,,
378,862,3,6,rosberg,4,12,16.71 2,Chinese Grand ,
Prix,2012,,,,,,,,
379,871,18,22,button,4,12,30.234,4,Belgian 
Grand Prix,,2012,,,,,,,
380 863 20,,,5,vettel,4,12,38.273,9,Bahrain 
Grand Prix,,2012,,,,,,,
381 876 20,,,5,vettel,4,12,38.273,9,Indian 
Grand Prix,,2012,,,,,,,
382 866 20,,,5,vettel,4,12,38.273,9,Canadian 
Grand Prix,,2012,,,,,,,
383 867 20,,,5,vettel,4,12,38.273,9,European 
Grand Prix,,2012,,,,,,,
384 878 20,,,5,vettel,4,12,38.273,9,United 
States Grand Prix,,,2012,,,,,,
385 874 20,,,5,vettel,4,12,38.273,9,Japanese 
Grand Prix,,2012,,,,,,,
386 875 20,,,5,vettel,4,12,43.134,1,Korean 
Grand Prix,,2012,,,,,,,
387 877 20,,,5,vettel,4,12,44.014,10,Abu Dhabi 
Grand Prix,,2012,,,,,,,
388,864,1,44,hamilton,4,12,5.468 2,Spanish Grand ,
Prix,2012,,,,,,,,
389,860,1,44,hamilton,4,12,5.468 2,Australian Grand ,
Prix,2012,,,,,,,,
390,870,1,44,hamilton,4,12,5.468 2,Hungarian Grand ,
Prix,2012,,,,,,,,
391,861,1,44,hamilton,4,12,5.468 2,Malaysian Grand ,
Prix,2012,,,,,,,,
392,872,1,44,hamilton,4,12,5.468 2,Italian Grand ,
Prix,2012,,,,,,,,
393,873,1,44,hamilton,4,12,5.468 2,Singapore Grand ,
Prix,2012,,,,,,,,
394,879,1,44,hamilton,4,12,5.468 2,Brazilian Grand ,
Prix,2012,,,,,,,,
395,869,4,14,alonso,5,10,+1:07.181,1,German 
Grand Prix,,2012,,,,,,,
396 868 4,,,14,alonso,5,10,+1:07.181,1,British 
Grand Prix,,2012,,,,,,,
397 862 3,,,6,rosberg,5,10,+1:09.725,4,Chinese 
Grand Prix,,2012,,,,,,,
398 875 20,,,5,vettel,5,10,27.313,2,Korean 
Grand Prix,,2012,,,,,,,
399,879,1,44,hamilton,5,10,35.23 11,Brazilian Grand ,
Prix,2012,,,,,,,,
400,861,1,44,hamilton,5,10,35.23 11,Malaysian Grand ,
Prix,2012,,,,,,,,
401,872,1,44,hamilton,5,10,35.23 11,Italian Grand ,
Prix,2012,,,,,,,,
402,870,1,44,hamilton,5,10,35.23 11,Hungarian Grand ,
Prix,2012,,,,,,,,
403,873,1,44,hamilton,5,10,35.23 11,Singapore Grand ,
Prix,2012,,,,,,,,
404,864,1,44,hamilton,5,10,35.23 11,Spanish Grand ,
Prix,2012,,,,,,,,
405,871,18,22,button,5,10,35.285,2,Belgian 
Grand Prix,2012,,,,,,,,
406 865 3,,6,rosberg,5,10,39.048,6,Monaco ,
Grand Prix,2012,,,,,,,,
407 877 20,,5,vettel,5,10,52.196,5,Abu Dhabi ,
Grand Prix,2012,,,,,,,,
408 863 20,,5,vettel,5,10,52.196,5,Bahrain ,
Grand Prix,2012,,,,,,,,
409 878 20,,5,vettel,5,10,52.196,5,United ,
States Grand Prix,,2012,,,,,,,
410 866 20,,5,vettel,5,10,52.196,5,Canadian ,
Grand Prix,2012,,,,,,,,
411 867 20,,5,vettel,5,10,52.196,5,European ,
Grand Prix,2012,,,,,,,,
412 876 20,,5,vettel,5,10,52.196,5,Indian ,
Grand Prix,2012,,,,,,,,
413 874 20,,5,vettel,5,10,52.196,5,Japanese ,
Grand Prix,2012,,,,,,,,
414 860 1,,44,hamilton,5,10,56.335,2,Australian ,
Grand Prix,2012,,,,,,,,
415 868 4,,14,alonso,6,8,+1:00.016,6,British ,
Grand Prix,2012,,,,,,,,
416 869 4,,14,alonso,6,8,+1:00.016,6,German ,
Grand Prix,2012,,,,,,,,
417 875 20,,5,vettel,6,8,+1:07.576,4,Korean ,
Grand Prix,2012,,,,,,,,
418 862 3,,6,rosberg,6,8,+1:08.020,11,Chinese ,
Grand Prix,2012,,,,,,,,
419 865 3,,6,rosberg,6,8,+1:08.020,11,Monaco ,
Grand Prix,2012,,,,,,,,
420 864 1,,44,hamilton,6,3,+1:11.866,12,Spanish ,
Grand Prix,2012,,,,,,,,
421,861,1,44,hamilton,6,8,27.21 5,Malaysian Grand ,
Prix,2012,,,,,,,,
422,877,20,5,vettel,6,8,45.394,5,Abu Dhabi 
Grand Prix,2012,,,,,,,,
423 878 20,,5,vettel,6,8,45.394,5,United ,
States Grand Prix,,2012,,,,,,,
424 867 20,,5,vettel,6,8,45.394,5,European ,
Grand Prix,2012,,,,,,,,
425 866 20,,5,vettel,6,8,45.394,5,Canadian ,
Grand Prix,2012,,,,,,,,
426 863 20,,5,vettel,6,8,45.394,5,Bahrain ,
Grand Prix,2012,,,,,,,,
427 876 20,,5,vettel,6,8,45.394,5,Indian ,
Grand Prix,2012,,,,,,,,
428 874 20,,5,vettel,6,8,45.394,5,Japanese ,
Grand Prix,2012,,,,,,,,
429 872 1,,44,hamilton,6,8,52.475,15,Italian ,
Grand Prix,2012,,,,,,,,
430 860 1,,44,hamilton,6,8,52.475,15,Australian ,
Grand Prix,2012,,,,,,,,
431 873 1,,44,hamilton,6,8,52.475,15,Singapore ,
Grand Prix,2012,,,,,,,,
432 879 1,,44,hamilton,6,8,52.475,15,Brazilian ,
Grand Prix,2012,,,,,,,,
433 870 1,,44,hamilton,6,8,52.475,15,Hungarian ,
Grand Prix,2012,,,,,,,,
434,871,18,22,button,6,8,54.58 8,Belgian Grand ,
Prix,2012,,,,,,,,
435,869,4,14,alonso,7,6,+1:01.162,11,German 
Grand Prix,2012,,,,,,,,
436 868 4,,14,alonso,7,6,+1:01.162,11,British ,
Grand Prix,2012,,,,,,,,
437 871 18,,22,button,7,6,+1:23.354,15,Belgian ,
Grand Prix,2012,,,,,,,,
438 865 3,,6,rosberg,7,6,+1:33.290,6,Monaco ,
Grand Prix,2012,,,,,,,,
439 879 1,,44,hamilton,7,6,15.801,5,Brazilian ,
Grand Prix,2012,,,,,,,,
440 872 1,,44,hamilton,7,6,15.801,5,Italian ,
Grand Prix,2012,,,,,,,,
441 864 1,,44,hamilton,7,6,15.801,5,Spanish ,
Grand Prix,2012,,,,,,,,
442 870 1,,44,hamilton,7,6,15.801,5,Hungarian ,
Grand Prix,2012,,,,,,,,
443 860 1,,44,hamilton,7,6,15.801,5,Australian ,
Grand Prix,2012,,,,,,,,
444 861 1,,44,hamilton,7,6,15.801,5,Malaysian ,
Grand Prix,2012,,,,,,,,
445 873 1,,44,hamilton,7,6,15.801,5,Singapore ,
Grand Prix,2012,,,,,,,,
446 862 3,,6,rosberg,7,6,26.698,4,Chinese ,
Grand Prix,2012,,,,,,,,
447 875 20,,5,vettel,7,6,36.734,3,Korean ,
Grand Prix,2012,,,,,,,,
448 878 20,,5,vettel,7,6,40.964,9,United ,
States Grand Prix,,2012,,,,,,,
449 866 20,,5,vettel,7,6,40.964,9,Canadian ,
Grand Prix,2012,,,,,,,,
450 867 20,,5,vettel,7,6,40.964,9,European ,
Grand Prix,2012,,,,,,,,
451 874 20,,5,vettel,7,6,40.964,9,Japanese ,
Grand Prix,2012,,,,,,,,
452 863 20,,5,vettel,7,6,40.964,9,Bahrain ,
Grand Prix,2012,,,,,,,,
453 877 20,,5,vettel,7,6,40.964,9,Abu Dhabi ,
Grand Prix,2012,,,,,,,,
454 876 20,,5,vettel,7,6,40.964,9,Indian ,
Grand Prix,2012,,,,,,,,
455 877 20,,5,vettel,8,4,+1:06.185,8,Abu Dhabi ,
Grand Prix,2012,,,,,,,,
456 860 1,,44,hamilton,8,4,+1:09.957,5,Australian ,
Grand Prix,2012,,,,,,,,
457 873 1,,44,hamilton,8,4,+1:09.957,5,Singapore ,
Grand Prix,2012,,,,,,,,
458 865 3,,6,rosberg,8,4,+1:12.023,,2,Monaco ,
Grand Prix,2012,,,,,,,,,
459 862 3,,6,rosberg,8,4,+1:12.023,,2,Chinese ,
Grand Prix,2012,,,,,,,,,
460 871 18,,22,button,8,4,+1:19.506,,14,Belgian ,
Grand Prix,2012,,,,,,,,,
461 867 20,,5,vettel,8,1,+1:25.407,,7,European ,
Grand Prix,2012,,,,,,,,,
462 866 20,,5,vettel,8,1,+1:25.407,,7,Canadian ,
Grand Prix,2012,,,,,,,,,
463 874 20,,5,vettel,8,1,+1:25.407,,7,Japanese ,
Grand Prix,2012,,,,,,,,,
464 876 20,,5,vettel,8,1,33.299,,8,Indian ,
Grand Prix,2012,,,,,,,,,
465 872 1,,44,hamilton,8,4,36.463,,15,Italian ,
Grand Prix,2012,,,,,,,,,
466 861 1,,44,hamilton,8,4,36.463,,15,Malaysian ,
Grand Prix,2012,,,,,,,,,
467 864 1,,44,hamilton,8,4,36.463,,15,Spanish ,
Grand Prix,2012,,,,,,,,,
468 870 1,,44,hamilton,8,4,36.463,,15,Hungarian ,
Grand Prix,2012,,,,,,,,,
469 869 4,,14,alonso,8,4,37.574,,3,German ,
Grand Prix,2012,,,,,,,,,
470 868 4,,14,alonso,8,4,37.574,,3,British ,
Grand Prix,2012,,,,,,,,,
471,863,20,5,vettel,8,1,,54.12 12,Bahrain Grand ,
Prix,2012,,,,,,,,,
472,875,20,5,vettel,8,1,,54.12 12,Korean Grand Prix,
,2012,,,,,,,,,
473,879,1,44,hamilton,8,4,,58.984,7,Brazilian 
Grand Prix,2012,,,,,,,,,
474 878 20,,5,vettel,8,1,67.7,6,United States ,,
Grand Prix,2012,,,,,,,,,
475 875 20,,5,vettel,9,0,+1:04.339,,9,Korean ,
Grand Prix,2012,,,,,,,,,
476 871 18,,22,button,9,2,+1:19.467,,13,Belgian ,
Grand Prix,2012,,,,,,,,,
477 877 20,,5,vettel,9,2,+1:31.654,,7,Abu Dhabi ,
Grand Prix,2012,,,,,,,,,
478 874 20,,5,vettel,9,2,+1:31.654,,7,Japanese ,
Grand Prix,2012,,,,,,,,,
479 876 20,,5,vettel,9,2,+1:31.654,,7,Indian ,
Grand Prix,2012,,,,,,,,,
480 878 20,,5,vettel,9,2,+1:31.654,,7,United ,
States Grand Prix,,2012,,,,,,,,
481 866 20,,5,vettel,9,2,+1:31.654,,7,Canadian ,
Grand Prix,2012,,,,,,,,,
482 863 20,,5,vettel,9,2,+1:31.654,,7,Bahrain ,
Grand Prix,2012,,,,,,,,,
483 867 20,,5,vettel,9,2,+1:31.654,,7,European ,
Grand Prix,2012,,,,,,,,,
484 869 4,,14,alonso,9,2,32.595,,12,German ,
Grand Prix,2012,,,,,,,,,
485 868 4,,14,alonso,9,2,32.595,12,British 
Grand Prix,2012,,,,,,,
486 864 1,,44,hamilton,9,2,33.527,1,Spanish 
Grand Prix,2012,,,,,,,
487 861 1,,44,hamilton,9,2,33.527,1,Malaysian 
Grand Prix,2012,,,,,,,
488 860 1,,44,hamilton,9,2,33.527,1,Australian 
Grand Prix,2012,,,,,,,
489 879 1,,44,hamilton,9,2,33.527,1,Brazilian 
Grand Prix,2012,,,,,,,
490 873 1,,44,hamilton,9,2,33.527,1,Singapore 
Grand Prix,2012,,,,,,,
491 872 1,,44,hamilton,9,2,33.527,1,Italian 
Grand Prix,2012,,,,,,,
492 870 1,,44,hamilton,9,2,33.527,1,Hungarian 
Grand Prix,2012,,,,,,,
493 862 3,,6,rosberg,9,2,41.126,4,Chinese 
Grand Prix,2012,,,,,,,
494 865 3,,6,rosberg,9,2,46.821,6,Monaco 
Grand Prix,2012,,,,,,,
495 869 4,,14,alonso,10,0,+1:02.420,13,German 
Grand Prix,2012,,,,,,,
496 874 18,,22,button,10,1,+1:17.278,12,Japanese 
Grand Prix,2012,,,,,,,
497 877 813 13,,,maldonado,10,1,+1:17.615,12,Abu Dhabi 
Grand Prix,2012,,,,,,,
498 868 4,,14,alonso,10,0,24.835,8,British 
Grand Prix,2012,,,,,,,
499 865 3,,6,rosberg,10,0,37.625,15,Monaco 
Grand Prix,2012,,,,,,,
500 862 3,,6,rosberg,10,1,44.322,3,Chinese 
Grand Prix,2012,,,,,,,
501 871 18,,22,button,10,1,46.631,6,Belgian 
Grand Prix,2012,,,,,,,
502 878 1,,44,hamilton,10,0,54.538,5,United 
States Grand Prix,,2012,,,,,,
503 879 1,,44,hamilton,10,0,54.538,5,Brazilian 
Grand Prix,2012,,,,,,,
504 870 1,,44,hamilton,10,0,54.538,5,Hungarian 
Grand Prix,2012,,,,,,,
505 876 1,,44,hamilton,10,0,54.538,5,Indian 
Grand Prix,2012,,,,,,,
506 872 1,,44,hamilton,10,0,54.538,5,Italian 
Grand Prix,2012,,,,,,,
507 861 1,,44,hamilton,10,1,79.692,9,Malaysian 
Grand Prix,2012,,,,,,,
508 864 1,,44,hamilton,10,1,79.692,9,Spanish 
Grand Prix,2012,,,,,,,
509 863 1,,44,hamilton,10,1,79.692,9,Bahrain 
Grand Prix,2012,,,,,,,
510 873 1,,44,hamilton,10,1,79.692,9,Singapore 
Grand Prix,2012,,,,,,,
511 866 1,,44,hamilton,10,1,79.692,9,Canadian 
Grand Prix,2012,,,,,,,
512 875 1,,44,hamilton,10,1,79.692,9,Korean 
Grand Prix,2012,,,,,,,
513 860 1,,44,hamilton,10,1,79.692,9,Australian 
Grand Prix,2012,,,,,,,
514 867 1,,44,hamilton,10,1,79.692,9,European 
Grand Prix,2012,,,,,,,
515 865 3,,6,rosberg,11,0,+1:02.096,10,Monaco 
Grand Prix,2012,,,,,,,
516 860 18,,22,button,11,0,+1:07.540,19,Australian 
Grand Prix,2012,,,,,,,
517 879 18,,22,button,11,0,+1:07.540,19,Brazilian 
Grand Prix,2012,,,,,,,
518 861 18,,22,button,11,0,+1:07.540,19,Malaysian 
Grand Prix,2012,,,,,,,
519 872 18,,22,button,11,0,+1:07.540,19,Italian 
Grand Prix,2012,,,,,,,
520 875 20,,5,vettel,11,0,+1:15.527,4,Korean 
Grand Prix,2012,,,,,,,
521 866 20,,5,vettel,11,0,+1:15.527,4,Canadian 
Grand Prix,2012,,,,,,,
522 878 20,,5,vettel,11,0,+1:15.527,4,United 
States Grand Prix,,2012,,,,,,
523 877 20,,5,vettel,11,0,+1:15.527,4,Abu Dhabi 
Grand Prix,2012,,,,,,,
524 867 20,,5,vettel,11,0,+1:15.527,4,European 
Grand Prix,2012,,,,,,,
525 863 20,,5,vettel,11,0,+1:15.527,4,Bahrain 
Grand Prix,2012,,,,,,,
526 876 20,,5,vettel,11,0,+1:15.527,4,Indian 
Grand Prix,2012,,,,,,,
527 874 20,,5,vettel,11,0,+1:15.527,4,Japanese 
Grand Prix,2012,,,,,,,
528 870 154 8,,,grosjean,11,0,+1:16.777,4,Hungarian 
Grand Prix,2012,,,,,,,
529 869 4,,14,alonso,11,0,+1:31.210,12,German 
Grand Prix,2012,,,,,,,
530 868 4,,14,alonso,11,0,+1:31.210,12,British 
Grand Prix,2012,,,,,,,
531 864 813 13,,,maldonado,11,0,+1:35.989,11,Spanish 
Grand Prix,2012,,,,,,,
532 873 813 13,,,maldonado,11,0,+1:35.989,11,Singapore 
Grand Prix,2012,,,,,,,
533 871 18,,22,button,11,0,+1:44.817,10,Belgian 
Grand Prix,2012,,,,,,,
534 862 3,,6,rosberg,11,0,50.454,9,Chinese 
Grand Prix,2012,,,,,,,
535 870 1,,44,hamilton,12,0,+1:18.900,11,Hungarian 
Grand Prix,2012,,,,,,,
536 864 1,,44,hamilton,12,0,+1:18.900,11,Spanish 
Grand Prix,2012,,,,,,,
537 861 1,,44,hamilton,12,0,+1:18.900,11,Malaysian 
Grand Prix,2012,,,,,,,
538 879 1,,44,hamilton,12,0,+1:18.900,11,Brazilian 
Grand Prix,2012,,,,,,,
539 872 1,,44,hamilton,12,0,+1:18.900,11,Italian 
Grand Prix,2012,,,,,,,
540 873 1,,44,hamilton,12,0,+1:18.900,11,Singapore 
Grand Prix,2012,,,,,,,
541 860 1,,44,hamilton,12,0,+1:18.900,11,Australian 
Grand Prix,2012,,,,,,,
542 868 4,,14,alonso,12,0,+1:37.253,19,British 
Grand Prix,2012,,,,,,,
543 869 4,,14,alonso,12,0,+1:37.253,19,German 
Grand Prix,2012,,,,,,,
544 871 18,,22,button,12,0,+1:43.767,17,Belgian 
Grand Prix,2012,,,,,,,
545 865 3,,6,rosberg,12,0,57.642,14,Monaco 
Grand Prix,2012,,,,,,,
546 862 3,,6,rosberg,12,0,57.642,14,Chinese 
Grand Prix,2012,,,,,,,
547 867 20,,5,vettel,12,0,58.065,11,European 
Grand Prix,2012,,,,,,,
548 863 20,,5,vettel,12,0,58.065,11,Bahrain 
Grand Prix,2012,,,,,,,
549 878 20,,5,vettel,12,0,58.065,11,United 
States Grand Prix,,2012,,,,,,
550 874 20,,5,vettel,12,0,58.065,11,Japanese 
Grand Prix,2012,,,,,,,
551 876 20,,5,vettel,12,0,58.065,11,Indian 
Grand Prix,2012,,,,,,,
552 875 20,,5,vettel,12,0,58.065,11,Korean 
Grand Prix,2012,,,,,,,
553 877 20,,5,vettel,12,0,58.065,11,Abu Dhabi 
Grand Prix,2012,,,,,,,
554 866 20,,5,vettel,12,0,58.065,11,Canadian 
Grand Prix,2012,,,,,,,
555 878 1,,44,hamilton,13,0,+1:20.454,15,United 
States Grand Prix,,2012,,,,,,
556 867 1,,44,hamilton,13,0,+1:20.454,15,European 
Grand Prix,2012,,,,,,,
557 873 1,,44,hamilton,13,0,+1:20.454,15,Singapore 
Grand Prix,2012,,,,,,,
558 870 1,,44,hamilton,13,0,+1:20.454,15,Hungarian 
Grand Prix,2012,,,,,,,
559 861 1,,44,hamilton,13,0,+1:20.454,15,Malaysian 
Grand Prix,2012,,,,,,,
560 876 1,,44,hamilton,13,0,+1:20.454,15,Indian 
Grand Prix,2012,,,,,,,
561 875 1,,44,hamilton,13,0,+1:20.454,15,Korean 
Grand Prix,2012,,,,,,,
562 860 1,,44,hamilton,13,0,+1:20.454,15,Australian 
Grand Prix,2012,,,,,,,
563 879 1,,44,hamilton,13,0,+1:20.454,15,Brazilian 
Grand Prix,2012,,,,,,,
564 866 1,,44,hamilton,13,0,+1:20.454,15,Canadian 
Grand Prix,2012,,,,,,,
565 872 1,,44,hamilton,13,0,+1:20.454,15,Italian 
Grand Prix,2012,,,,,,,
566 864 1,,,44,hamilton,13,0,+1:20.454,15,Spanish 
Grand Prix,,2012,,,,,,,
567 863 1,,,44,hamilton,13,0,+1:20.454,15,Bahrain 
Grand Prix,,2012,,,,,,,
568 877 813 13,,,,maldonado,13,0,+1:24.024,12,Abu Dhabi 
Grand Prix,,2012,,,,,,,
569,868 13,,19,massa 13,0,+1:26.914,11,British Grand ,
Prix,2012,,,,,,,,
570 869 807 27,,,,hulkenberg,13,0,+1:28.258,15,German 
Grand Prix,,2012,,,,,,,
571 871 18,,,22,button,13,0,+1:41.990,3,Belgian 
Grand Prix,,2012,,,,,,,
572 874 18,,,22,button,13,0,25.969,16,Japanese 
Grand Prix,,2012,,,,,,,
573,862,3,6,rosberg,13,0,85.51 8,Chinese Grand ,
Prix,2012,,,,,,,,
574,865,3,6,rosberg,13,0,85.51 8,Monaco Grand Prix,
,2012,,,,,,,,
575,875,4,14,alonso,14,0,+1:02.385,1,Korean 
Grand Prix,,2012,,,,,,,
576 868 4,,,14,alonso,14,0,+1:02.385,1,British 
Grand Prix,,2012,,,,,,,
577 865 3,,,6,rosberg,14,0,+1:08.635,10,Monaco 
Grand Prix,,2012,,,,,,,
578 862 3,,,6,rosberg,14,0,+1:08.635,10,Chinese 
Grand Prix,,2012,,,,,,,
579 869 4,,,14,alonso,14,0,+1:09.687,10,German 
Grand Prix,,2012,,,,,,,
580 866 4,,,14,alonso,14,0,+1:09.687,10,Canadian 
Grand Prix,,2012,,,,,,,
581 876 18,,,22,button,14,0,+1:19.719,14,Indian 
Grand Prix,,2012,,,,,,,
582 870 18,,,22,button,14,0,+1:19.719,14,Hungarian 
Grand Prix,,2012,,,,,,,
583 863 18,,,22,button,14,0,+1:19.719,14,Bahrain 
Grand Prix,,2012,,,,,,,
584 874 18,,,22,button,14,0,+1:19.719,14,Japanese 
Grand Prix,,2012,,,,,,,
585 861 18,,,22,button,14,0,+1:19.719,14,Malaysian 
Grand Prix,,2012,,,,,,,
586 879 18,,,22,button,14,0,+1:19.719,14,Brazilian 
Grand Prix,,2012,,,,,,,
587 860 18,,,22,button,14,0,+1:19.719,14,Australian 
Grand Prix,,2012,,,,,,,
588 872 18,,,22,button,14,0,+1:19.719,14,Italian 
Grand Prix,,2012,,,,,,,
589 877 813 13,,,,maldonado,14,0,+1:25.142,9,Abu Dhabi 
Grand Prix,,2012,,,,,,,
590 867 813 13,,,,maldonado,14,0,+1:35.453,13,European 
Grand Prix,,2012,,,,,,,
591 864 813 13,,,,maldonado,14,0,49.085,7,Spanish 
Grand Prix,,2012,,,,,,,
592 873 813 13,,,,maldonado,14,0,49.085,7,Singapore 
Grand Prix,,2012,,,,,,,
593 871 18,,22,button,14,0,49.214,15,Belgian 
Grand Prix,2012,,,,,,,
594 878 8,,7,raikkonen,14,0,50.573,18,United 
States Grand Prix,,2012,,,,,,
595 877 813 13,,,maldonado,15,0,+1:01.929,9,Abu Dhabi 
Grand Prix,2012,,,,,,,
596 864 813 13,,,maldonado,15,0,+1:01.929,9,Spanish 
Grand Prix,2012,,,,,,,
597 867 813 13,,,maldonado,15,0,+1:01.929,9,European 
Grand Prix,2012,,,,,,,
598 873 813 13,,,maldonado,15,0,+1:01.929,9,Singapore 
Grand Prix,2012,,,,,,,
599,875 13,19,massa 15,0,+1:07.489,2,Korean Grand Prix,
,2012,,,,,,,
600,872 18,22,button,15,0,+1:13.370,7,Italian 
Grand Prix,2012,,,,,,,
601 860 18,,22,button,15,0,+1:13.370,7,Australian 
Grand Prix,2012,,,,,,,
602 863 18,,22,button,15,0,+1:13.370,7,Bahrain 
Grand Prix,2012,,,,,,,
603 861 18,,22,button,15,0,+1:13.370,7,Malaysian 
Grand Prix,2012,,,,,,,
604 879 18,,22,button,15,0,+1:13.370,7,Brazilian 
Grand Prix,2012,,,,,,,
605 876 18,,22,button,15,0,+1:13.370,7,Indian 
Grand Prix,2012,,,,,,,
606 874 18,,22,button,15,0,+1:13.370,7,Japanese 
Grand Prix,2012,,,,,,,
607 871 18,,22,button,15,0,+1:13.370,7,Belgian 
Grand Prix,2012,,,,,,,
608,868 13,19,massa 15,0,+1:26.364,16,British Grand ,
Prix,2012,,,,,,,
609 870 154 8,,,grosjean,15,0,+1:31.774,9,Hungarian 
Grand Prix,2012,,,,,,,
610 878 154 8,,,grosjean,15,0,+1:31.774,9,United 
States Grand Prix2012,,,,,,,,
611 869 807 27,,,hulkenberg,15,0,51.213,9,German 
Grand Prix,2012,,,,,,,
612 866 3,,6,rosberg,15,0,57.394,11,Canadian 
Grand Prix,2012,,,,,,,
613 862 3,,6,rosberg,15,0,57.394,11,Chinese 
Grand Prix,2012,,,,,,,
614 865 3,,6,rosberg,15,0,57.394,11,Monaco 
Grand Prix,2012,,,,,,,
615 865 807 27,,,hulkenberg,16,0,+1:04.763,9,Monaco 
Grand Prix,2012,,,,,,,
616 869 807 27,,,hulkenberg,16,0,+1:04.763,9,German 
Grand Prix,2012,,,,,,,
617 875 807 27,,,hulkenberg,16,0,+1:04.763,9,Korean 
Grand Prix,2012,,,,,,,
618 868 807 27,,,hulkenberg,16,0,+1:04.763,9,British 
Grand Prix,2012,,,,,,,
619 878 807 27,,,hulkenberg,16,0,+1:04.763,9,United 
States Grand Prix2012,,,,,,,,
620 867 807 27,,,hulkenberg,16,0,+1:04.763,9,European 
Grand Prix,2012,,,,,,,
621 879 18,,22,button,16,0,+1:21.994,10,Brazilian 
Grand Prix,2012,,,,,,,
622 861 18,,22,button,16,0,+1:21.994,10,Malaysian 
Grand Prix,2012,,,,,,,
623 871 18,,22,button,16,0,+1:21.994,10,Belgian 
Grand Prix,2012,,,,,,,
624 877 18,,22,button,16,0,+1:21.994,10,Abu Dhabi 
Grand Prix,2012,,,,,,,
625 872 18,,22,button,16,0,+1:21.994,10,Italian 
Grand Prix,2012,,,,,,,
626 860 18,,22,button,16,0,+1:21.994,10,Australian 
Grand Prix,2012,,,,,,,
627 876 18,,22,button,16,0,+1:21.994,10,Indian 
Grand Prix,2012,,,,,,,
628 864 18,,22,button,16,0,+1:21.994,10,Spanish 
Grand Prix,2012,,,,,,,
629 874 18,,22,button,16,0,+1:21.994,10,Japanese 
Grand Prix,2012,,,,,,,
630 862 18,,22,button,16,0,+1:21.994,10,Chinese 
Grand Prix,2012,,,,,,,
631 873 18,,22,button,16,0,+1:21.994,10,Singapore 
Grand Prix,2012,,,,,,,
632 866 18,,22,button,16,0,+1:21.994,10,Canadian 
Grand Prix,2012,,,,,,,
633 870 18,,22,button,16,0,+1:21.994,10,Hungarian 
Grand Prix,2012,,,,,,,
634 863 18,,22,button,16,0,+1:21.994,10,Bahrain 
Grand Prix,2012,,,,,,,
635 868 817 3,,,ricciardo,17,0,+1:03.156,15,British 
Grand Prix,2012,,,,,,,
636 860 817 3,,,ricciardo,17,0,+1:03.156,15,Australian 
Grand Prix,2012,,,,,,,
637 873 817 3,,,ricciardo,17,0,+1:03.156,15,Singapore 
Grand Prix,2012,,,,,,,
638 876 817 3,,,ricciardo,17,0,+1:03.156,15,Indian 
Grand Prix,2012,,,,,,,
639 869 817 3,,,ricciardo,17,0,+1:03.156,15,German 
Grand Prix,2012,,,,,,,
640 872 817 3,,,ricciardo,17,0,+1:03.156,15,Italian 
Grand Prix,2012,,,,,,,
641 863 817 3,,,ricciardo,17,0,+1:03.156,15,Bahrain 
Grand Prix,2012,,,,,,,
642 865 817 3,,,ricciardo,17,0,+1:03.156,15,Monaco 
Grand Prix,2012,,,,,,,
643 864 817 3,,,ricciardo,17,0,+1:03.156,15,Spanish 
Grand Prix,2012,,,,,,,
644 879 817 3,,,ricciardo,17,0,+1:03.156,15,Brazilian 
Grand Prix,2012,,,,,,,
645 861 817 3,,,ricciardo,17,0,+1:03.156,15,Malaysian 
Grand Prix,2012,,,,,,,
646 877 817 3,,,ricciardo,17,0,+1:03.156,15,Abu Dhabi 
Grand Prix,2012,,,,,,,
647 866 817 3,,,ricciardo,17,0,+1:03.156,15,Canadian 
Grand Prix,2012,,,,,,,
648 875 817 3,,,ricciardo,17,0,+1:03.156,15,Korean 
Grand Prix,2012,,,,,,,
649 878 817 3,,,ricciardo,17,0,+1:03.156,15,United 
States Grand Prix2012,,,,,,,,
650 874 817 3,,,ricciardo,17,0,+1:03.156,15,Japanese 
Grand Prix,2012,,,,,,,
651 870 817 3,,,ricciardo,17,0,+1:03.156,15,Hungarian 
Grand Prix,2012,,,,,,,
652 862 817 3,,,ricciardo,17,0,+1:03.156,15,Chinese 
Grand Prix,2012,,,,,,,
653 871 817 3,,,ricciardo,17,0,+1:03.156,15,Belgian 
Grand Prix,2012,,,,,,,
654 867 817 3,,,ricciardo,17,0,+1:03.156,15,European 
Grand Prix,2012,,,,,,,
655 888 1,,44,hamilton,1,10,00:42.7,6,German 
Grand Prix,2013,,,,,,,
656 885 3,,6,rosberg,1,25,32:52.4,1,Monaco 
Grand Prix,2013,,,,,,,
657 884 3,,6,rosberg,1,25,32:52.4,1,Spanish 
Grand Prix,2013,,,,,,,
658 883 3,,6,rosberg,1,25,32:52.4,1,Bahrain 
Grand Prix,2013,,,,,,,
659 881 20,,5,vettel,1,25,36:00.5,1,Malaysian 
Grand Prix,2013,,,,,,,
660 899 20,,5,vettel,1,25,36:00.5,1,Brazilian 
Grand Prix,2013,,,,,,,
661 892 20,,5,vettel,1,25,36:00.5,1,Italian 
Grand Prix,2013,,,,,,,
662 894 20,,5,vettel,1,25,36:00.5,1,Korean 
Grand Prix,2013,,,,,,,
663 886 20,,5,vettel,1,25,36:00.5,1,Canadian 
Grand Prix,2013,,,,,,,
664 893 20,,5,vettel,1,25,36:00.5,1,Singapore 
Grand Prix,2013,,,,,,,
665 898 20,,5,vettel,1,25,36:00.5,1,United 
States Grand Prix,,2013,,,,,,
666 880 20,,5,vettel,1,25,36:00.5,1,Australian 
Grand Prix,2013,,,,,,,
667 896 20,,5,vettel,1,25,36:00.5,1,Indian 
Grand Prix,2013,,,,,,,
668 895 20,,5,vettel,1,25,38:06.1,2,Japanese 
Grand Prix,2013,,,,,,,
669 897 20,,5,vettel,1,25,38:06.1,2,Abu Dhabi 
Grand Prix,2013,,,,,,,
670 887 1,,44,hamilton,1,25,50:52.7,2,British 
Grand Prix,2013,,,,,,,
671 882 1,,44,hamilton,1,25,50:52.7,2,Chinese 
Grand Prix,2013,,,,,,,
672 891 1,,44,hamilton,1,25,50:52.7,2,Belgian 
Grand Prix,2013,,,,,,,
673 890 1,,44,hamilton,1,25,50:52.7,2,Hungarian 
Grand Prix,2013,,,,,,,
674,895,20,5,vettel,2,18,0.675 1,,Japanese Grand ,
Prix,2013,,,,,,,,,
675,891,1,44,hamilton,2,18,12.019,,3,Belgian 
Grand Prix,,2013,,,,,,,,
676 890 1,,,44,hamilton,2,18,12.019,,3,Hungarian 
Grand Prix,,2013,,,,,,,,
677 893 20,,,5,vettel,2,18,16.696,,5,Singapore 
Grand Prix,,2013,,,,,,,,
678 880 20,,,5,vettel,2,18,16.696,,5,Australian 
Grand Prix,,2013,,,,,,,,
679 881 20,,,5,vettel,2,18,16.696,,5,Malaysian 
Grand Prix,,2013,,,,,,,,
680 886 20,,,5,vettel,2,18,16.696,,5,Canadian 
Grand Prix,,2013,,,,,,,,
681 892 20,,,5,vettel,2,18,16.696,,5,Italian 
Grand Prix,,2013,,,,,,,,
682 898 20,,,5,vettel,2,18,16.696,,5,United 
States Grand Prix,,,2013,,,,,,,
683 896 20,,,5,vettel,2,18,16.696,,5,Indian 
Grand Prix,,2013,,,,,,,,
684 894 20,,,5,vettel,2,18,16.696,,5,Korean 
Grand Prix,,2013,,,,,,,,
685 899 20,,,5,vettel,2,18,16.696,,5,Brazilian 
Grand Prix,,2013,,,,,,,,
686,884,3,6,rosberg,2,18,2.85,1,Spanish Grand ,
Prix,2013,,,,,,,,,
687,883,3,6,rosberg,2,18,2.85,1,Bahrain Grand ,
Prix,2013,,,,,,,,,
688,885,3,6,rosberg,2,18,2.85,1,Monaco Grand Prix,
,2013,,,,,,,,,
689,887,1,44,hamilton,2,8,3.779 2,,British Grand ,
Prix,2013,,,,,,,,,
690,888,1,44,hamilton,2,8,3.779 2,,German Grand Prix,
,2013,,,,,,,,,
691,882,1,44,hamilton,2,18,5.042 4,,Chinese Grand ,
Prix,2013,,,,,,,,,
692,897,20,5,vettel,2,8,7.187 4,,Abu Dhabi Grand ,
Prix,2013,,,,,,,,,
693,891,1,44,hamilton,3,15,12.181,,10,Belgian 
Grand Prix,,2013,,,,,,,,
694 882 1,,,44,hamilton,3,15,12.322,,6,Chinese 
Grand Prix,,2013,,,,,,,,
695 883 3,,,6,rosberg,3,15,21.307,,7,Bahrain 
Grand Prix,,2013,,,,,,,,
696,894,20,5,vettel,3,15,3.381 3,,Korean Grand Prix,
,2013,,,,,,,,,
697,893,20,5,vettel,3,15,3.381 3,,Singapore Grand ,
Prix,2013,,,,,,,,,
698,886,20,5,vettel,3,15,3.381 3,,Canadian Grand ,
Prix,2013,,,,,,,,,
699,881,20,5,vettel,3,15,3.381 3,,Malaysian Grand ,
Prix,2013,,,,,,,,,
700,898,20,5,vettel,3,15,3.381 3,,United States ,
Grand Prix,,2013,,,,,,,,
701,899,20,5,vettel,3,15,3.381 3,Brazilian Grand ,
Prix,2013,,,,,,,,
702,892,20,5,vettel,3,15,3.381 3,Italian Grand ,
Prix,2013,,,,,,,,
703,880,20,5,vettel,3,15,3.381 3,Australian Grand ,
Prix,2013,,,,,,,,
704,896,20,5,vettel,3,15,3.381 3,Indian Grand Prix,
,2013,,,,,,,,
705,885,3,6,rosberg,3,15,33.65 6,Monaco Grand Prix,
,2013,,,,,,,,
706,890,1,44,hamilton,3,15,4.075 4,Hungarian Grand ,
Prix,2013,,,,,,,,
707,887,1,44,hamilton,3,6,4.187 3,British Grand ,
Prix,2013,,,,,,,,
708,888,1,44,hamilton,3,6,4.187 3,German Grand Prix,
,2013,,,,,,,,
709,884,3,6,rosberg,3,15,9.484 5,Spanish Grand ,
Prix,2013,,,,,,,,
710,897,20,5,vettel,3,15,9.643 2,Abu Dhabi Grand ,
Prix,2013,,,,,,,,
711,895,20,5,vettel,3,15,9.643 2,Japanese Grand ,
Prix,2013,,,,,,,,
712,885,3,6,rosberg,4,12,+6.361s,1,Monaco 
Grand Prix,2013,,,,,,,,
713 884 3,,6,rosberg,4,12,+6.361s,1,Spanish ,
Grand Prix,2013,,,,,,,,
714 883 3,,6,rosberg,4,12,+6.361s,1,Bahrain ,
Grand Prix,2013,,,,,,,,
715 891 1,,44,hamilton,4,12,13.909,5,Belgian ,
Grand Prix,2013,,,,,,,,
716 887 1,,44,hamilton,4,12,13.909,5,British ,
Grand Prix,2013,,,,,,,,
717 890 1,,44,hamilton,4,12,17.417,1,Hungarian ,
Grand Prix,2013,,,,,,,,
718 888 1,,44,hamilton,4,12,17.417,1,German ,
Grand Prix,2013,,,,,,,,
719 886 20,,5,vettel,4,12,38.273,9,Canadian ,
Grand Prix,2013,,,,,,,,
720 892 20,,5,vettel,4,12,38.273,9,Italian ,
Grand Prix,2013,,,,,,,,
721 893 20,,5,vettel,4,12,38.273,9,Singapore ,
Grand Prix,2013,,,,,,,,
722 899 20,,5,vettel,4,12,38.273,9,Brazilian ,
Grand Prix,2013,,,,,,,,
723 898 20,,5,vettel,4,12,38.273,9,United ,
States Grand Prix,,2013,,,,,,,
724 880 20,,5,vettel,4,12,38.273,9,Australian ,
Grand Prix,2013,,,,,,,,
725 894 20,,5,vettel,4,12,38.273,9,Korean ,
Grand Prix,2013,,,,,,,,
726 881 20,,5,vettel,4,12,38.273,9,Malaysian ,
Grand Prix,2013,,,,,,,,
727 896 20,,5,vettel,4,12,38.273,9,Indian ,
Grand Prix,2013,,,,,,,,
728 895 20,,5,vettel,4,12,43.735,2,Japanese ,
Grand Prix,2013,,,,,,,,
729 897 20,,5,vettel,4,12,43.735,2,Abu Dhabi ,
Grand Prix,2013,,,,,,,,
730,882,1,44,hamilton,4,12,5.468 2,Chinese Grand ,
Prix,2013,,,,,,,,
731,884,3,6,rosberg,5,10,+1:09.725,4,Spanish 
Grand Prix,2013,,,,,,,,
732 883 3,,6,rosberg,5,10,+1:09.725,4,Bahrain ,
Grand Prix,2013,,,,,,,,
733 885 3,,6,rosberg,5,10,+1:09.725,4,Monaco ,
Grand Prix,2013,,,,,,,,
734 890 1,,44,hamilton,5,10,24.268,9,Hungarian ,
Grand Prix,2013,,,,,,,,
735 897 20,,5,vettel,5,10,27.313,2,Abu Dhabi ,
Grand Prix,2013,,,,,,,,
736 895 20,,5,vettel,5,10,27.313,2,Japanese ,
Grand Prix,2013,,,,,,,,
737,887,1,44,hamilton,5,10,35.23 11,British Grand ,
Prix,2013,,,,,,,,
738,891,1,44,hamilton,5,10,35.23 11,Belgian Grand ,
Prix,2013,,,,,,,,
739,882,1,44,hamilton,5,10,35.23 11,Chinese Grand ,
Prix,2013,,,,,,,,
740,888,1,44,hamilton,5,4,46.548,3,German 
Grand Prix,2013,,,,,,,,
741 892 20,,5,vettel,5,10,52.196,5,Italian ,
Grand Prix,2013,,,,,,,,
742 899 20,,5,vettel,5,10,52.196,5,Brazilian ,
Grand Prix,2013,,,,,,,,
743 894 20,,5,vettel,5,10,52.196,5,Korean ,
Grand Prix,2013,,,,,,,,
744 886 20,,5,vettel,5,10,52.196,5,Canadian ,
Grand Prix,2013,,,,,,,,
745 896 20,,5,vettel,5,10,52.196,5,Indian ,
Grand Prix,2013,,,,,,,,
746 893 20,,5,vettel,5,10,52.196,5,Singapore ,
Grand Prix,2013,,,,,,,,
747 898 20,,5,vettel,5,10,52.196,5,United ,
States Grand Prix,,2013,,,,,,,
748 881 20,,5,vettel,5,10,52.196,5,Malaysian ,
Grand Prix,2013,,,,,,,,
749 880 20,,5,vettel,5,10,52.196,5,Australian ,
Grand Prix,2013,,,,,,,,
750 884 3,,6,rosberg,6,8,+1:08.020,11,Spanish ,
Grand Prix,2013,,,,,,,,
751 883 3,,6,rosberg,6,8,+1:08.020,11,Bahrain ,
Grand Prix,2013,,,,,,,,
752 885 3,,6,rosberg,6,8,+1:08.020,11,Monaco ,
Grand Prix,2013,,,,,,,,
753 888 1,,44,hamilton,6,3,+1:11.866,12,German ,
Grand Prix,2013,,,,,,,,
754 891 1,,44,hamilton,6,8,23.471,4,Belgian ,
Grand Prix,2013,,,,,,,,
755,890,1,44,hamilton,6,8,27.21 5,Hungarian Grand ,
Prix,2013,,,,,,,,
756,887,1,44,hamilton,6,8,27.21 5,British Grand ,
Prix,2013,,,,,,,,
757,897,20,5,vettel,6,3,39.207,12,Abu Dhabi 
Grand Prix,,2013,,,,,,,
758 894 20,,,5,vettel,6,8,45.394,5,Korean 
Grand Prix,,2013,,,,,,,
759 898 20,,,5,vettel,6,8,45.394,5,United 
States Grand Prix,,,2013,,,,,,
760 896 20,,,5,vettel,6,8,45.394,5,Indian 
Grand Prix,,2013,,,,,,,
761 893 20,,,5,vettel,6,8,45.394,5,Singapore 
Grand Prix,,2013,,,,,,,
762 892 20,,,5,vettel,6,8,45.394,5,Italian 
Grand Prix,,2013,,,,,,,
763 886 20,,,5,vettel,6,8,45.394,5,Canadian 
Grand Prix,,2013,,,,,,,
764 881 20,,,5,vettel,6,8,45.394,5,Malaysian 
Grand Prix,,2013,,,,,,,
765 880 20,,,5,vettel,6,8,45.394,5,Australian 
Grand Prix,,2013,,,,,,,
766 899 20,,,5,vettel,6,8,45.394,5,Brazilian 
Grand Prix,,2013,,,,,,,
767 882 1,,,44,hamilton,6,8,52.475,15,Chinese 
Grand Prix,,2013,,,,,,,
768,895,20,5,vettel,6,8,9.453 9,Japanese Grand ,
Prix,2013,,,,,,,,
769,884,3,6,rosberg,7,2,+1:14.565,7,Spanish 
Grand Prix,,2013,,,,,,,
770 885 3,,,6,rosberg,7,6,+1:17.919,7,Monaco 
Grand Prix,,2013,,,,,,,
771 883 3,,,6,rosberg,7,6,+1:17.919,7,Bahrain 
Grand Prix,,2013,,,,,,,
772 891 1,,,44,hamilton,7,6,+1:24.183,9,Belgian 
Grand Prix,,2013,,,,,,,
773 887 1,,,44,hamilton,7,6,+1:24.183,9,British 
Grand Prix,,2013,,,,,,,
774 890 1,,,44,hamilton,7,6,+1:24.183,9,Hungarian 
Grand Prix,,2013,,,,,,,
775 888 1,,,44,hamilton,7,6,+1:24.183,9,German 
Grand Prix,,2013,,,,,,,
776 882 1,,,44,hamilton,7,6,15.801,5,Chinese 
Grand Prix,,2013,,,,,,,
777 897 20,,,5,vettel,7,6,36.734,3,Abu Dhabi 
Grand Prix,,2013,,,,,,,
778 895 20,,,5,vettel,7,6,36.734,3,Japanese 
Grand Prix,,2013,,,,,,,
779 881 20,,,5,vettel,7,6,40.964,9,Malaysian 
Grand Prix,,2013,,,,,,,
780 880 20,,,5,vettel,7,6,40.964,9,Australian 
Grand Prix,,2013,,,,,,,
781 886 20,,,5,vettel,7,6,40.964,9,Canadian 
Grand Prix,,2013,,,,,,,
782 899 20,,,5,vettel,7,6,40.964,,9,Brazilian 
Grand Prix,,2013,,,,,,,,
783 896 20,,,5,vettel,7,6,40.964,,9,Indian 
Grand Prix,,2013,,,,,,,,
784 898 20,,,5,vettel,7,6,40.964,,9,United 
States Grand Prix,,,2013,,,,,,,
785 892 20,,,5,vettel,7,6,40.964,,9,Italian 
Grand Prix,,2013,,,,,,,,
786 893 20,,,5,vettel,7,6,40.964,,9,Singapore 
Grand Prix,,2013,,,,,,,,
787 894 20,,,5,vettel,7,6,40.964,,9,Korean 
Grand Prix,,2013,,,,,,,,
788 885 3,,,6,rosberg,8,1,+1:11.457,,10,Monaco 
Grand Prix,,2013,,,,,,,,
789 894 20,,,5,vettel,8,1,+1:25.407,,7,Korean 
Grand Prix,,2013,,,,,,,,
790 896 20,,,5,vettel,8,1,33.299,,8,Indian 
Grand Prix,,2013,,,,,,,,
791 892 20,,,5,vettel,8,1,33.299,,8,Italian 
Grand Prix,,2013,,,,,,,,
792 898 20,,,5,vettel,8,1,33.299,,8,United 
States Grand Prix,,,2013,,,,,,,
793 884 3,,,6,rosberg,8,1,36.208,,8,Spanish 
Grand Prix,,2013,,,,,,,,
794 882 1,,,44,hamilton,8,4,36.463,,15,Chinese 
Grand Prix,,2013,,,,,,,,
795 888 1,,,44,hamilton,8,4,36.463,,15,German 
Grand Prix,,2013,,,,,,,,
796 891 1,,,44,hamilton,8,4,36.463,,15,Belgian 
Grand Prix,,2013,,,,,,,,
797 887 1,,,44,hamilton,8,4,36.463,,15,British 
Grand Prix,,2013,,,,,,,,
798 883 3,,,6,rosberg,8,4,54.053,,9,Bahrain 
Grand Prix,,2013,,,,,,,,
799,881,20,5,vettel,8,1,54.12 12,,Malaysian Grand ,
Prix,2013,,,,,,,,,
800,880,20,5,vettel,8,1,54.12 12,,Australian Grand ,
Prix,2013,,,,,,,,,
801,890,1,44,hamilton,8,4,58.984,,7,Hungarian 
Grand Prix,,2013,,,,,,,,
802,897,20,5,vettel,8,1,67.7,6,Abu Dhabi,Grand 
Prix,2013,,,,,,,,,
803,895,20,5,vettel,8,1,67.7,6,Japanese Grand ,
Prix,2013,,,,,,,,,
804,899,20,5,vettel,8,1,67.7,6,Brazilian Grand ,
Prix,2013,,,,,,,,,
805,886,20,5,vettel,8,1,67.7,6,Canadian Grand ,
Prix,2013,,,,,,,,,
806,893,20,5,vettel,8,1,67.7,6,Singapore Grand ,
Prix,2013,,,,,,,,,
807,895,20,5,vettel,9,0,+1:04.339,,9,Japanese 
Grand Prix,,2013,,,,,,,,
808 897 20,,,5,vettel,9,0,+1:04.339,,9,Abu Dhabi 
Grand Prix,,2013,,,,,,,,
809 898 20,5,vettel,9,2,+1:31.654,7,United 
States Grand Prix,2013,,,,,,
810 896 20,5,vettel,9,2,+1:31.654,7,Indian 
Grand Prix,2013,,,,,,
811 899 20,5,vettel,9,2,+1:31.654,7,Brazilian 
Grand Prix,2013,,,,,,
812 886 20,5,vettel,9,2,+1:31.654,7,Canadian 
Grand Prix,2013,,,,,,
813 881 20,5,vettel,9,2,+1:31.654,7,Malaysian 
Grand Prix,2013,,,,,,
814 892 20,5,vettel,9,2,+1:31.654,7,Italian 
Grand Prix,2013,,,,,,
815 880 20,5,vettel,9,2,+1:31.654,7,Australian 
Grand Prix,2013,,,,,,
816 893 20,5,vettel,9,2,+1:31.654,7,Singapore 
Grand Prix,2013,,,,,,
817 894 20,5,vettel,9,2,+1:31.654,7,Korean 
Grand Prix,2013,,,,,,
818 882 1,44,hamilton,9,2,33.527,1,Chinese 
Grand Prix,2013,,,,,,
819 887 1,44,hamilton,9,2,33.527,1,British 
Grand Prix,2013,,,,,,
820 891 1,44,hamilton,9,2,33.527,1,Belgian 
Grand Prix,2013,,,,,,
821 890 1,44,hamilton,9,2,33.527,1,Hungarian 
Grand Prix,2013,,,,,,
822 888 1,44,hamilton,9,2,33.527,1,German 
Grand Prix,2013,,,,,,
823 885 3,6,rosberg,9,2,41.126,4,Monaco 
Grand Prix,2013,,,,,,
824 883 3,6,rosberg,9,2,41.126,4,Bahrain 
Grand Prix,2013,,,,,,
825 884 3,6,rosberg,9,2,41.126,4,Spanish 
Grand Prix,2013,,,,,,
826,881,,,13 19 massa 10 0,+1:04.393,13,Malaysian Grand 
Prix,2013,,,,,,
827 898 154 8,,grosjean,10,1,+1:22.759,9,United 
States Grand Prix,2013,,,,,,
828 897 3,6,rosberg,10,1,44.322,3,Abu Dhabi 
Grand Prix,2013,,,,,,
829 883 3,6,rosberg,10,1,44.322,3,Bahrain 
Grand Prix,2013,,,,,,
830 896 3,6,rosberg,10,1,44.382,9,Indian 
Grand Prix,2013,,,,,,
831 899 3,6,rosberg,10,1,44.382,9,Brazilian 
Grand Prix,2013,,,,,,
832 885 3,6,rosberg,10,1,48.889,3,Monaco 
Grand Prix,2013,,,,,,
833 892 807 27,,hulkenberg,10,1,49.892,8,Italian 
Grand Prix,2013,,,,,,
834 894 1,44,hamilton,10,0,54.538,5,Korean 
Grand Prix,2013,,,,,,
835 886 1,44,hamilton,10,0,54.538,5,Canadian 
Grand Prix,2013,,,,,,
836 880 1,,44,hamilton,10,0,54.538,5,Australian 
Grand Prix,2013,,,,,,,
837 884 3,,6,rosberg,10,0,54.749,5,Spanish 
Grand Prix,2013,,,,,,,
838 893 3,,6,rosberg,10,0,54.749,5,Singapore 
Grand Prix,2013,,,,,,,
839 882 1,,44,hamilton,10,1,79.692,9,Chinese 
Grand Prix,2013,,,,,,,
840 887 1,,44,hamilton,10,1,79.692,9,British 
Grand Prix,2013,,,,,,,
841 890 1,,44,hamilton,10,1,79.692,9,Hungarian 
Grand Prix,2013,,,,,,,
842 888 1,,44,hamilton,10,1,79.692,9,German 
Grand Prix,2013,,,,,,,
843 891 1,,44,hamilton,10,1,79.692,9,Belgian 
Grand Prix,2013,,,,,,,
844 895 1,,44,hamilton,10,1,79.692,9,Japanese 
Grand Prix,2013,,,,,,,
845 887 3,,6,rosberg,11,0,+1:02.096,10,British 
Grand Prix,2013,,,,,,,
846 888 20,,5,vettel,11,0,+1:15.527,4,German 
Grand Prix,2013,,,,,,,
847 899 20,,5,vettel,11,0,+1:15.527,4,Brazilian 
Grand Prix,2013,,,,,,,
848 896 20,,5,vettel,11,0,+1:15.527,4,Indian 
Grand Prix,2013,,,,,,,
849 886 20,,5,vettel,11,0,+1:15.527,4,Canadian 
Grand Prix,2013,,,,,,,
850 893 20,,5,vettel,11,0,+1:15.527,4,Singapore 
Grand Prix,2013,,,,,,,
851 892 20,,5,vettel,11,0,+1:15.527,4,Italian 
Grand Prix,2013,,,,,,,
852 897 20,,5,vettel,11,0,+1:15.527,4,Abu Dhabi 
Grand Prix,2013,,,,,,,
853 891 20,,5,vettel,11,0,+1:15.527,4,Belgian 
Grand Prix,2013,,,,,,,
854 895 20,,5,vettel,11,0,+1:15.527,4,Japanese 
Grand Prix,2013,,,,,,,
855 880 20,,5,vettel,11,0,+1:15.527,4,Australian 
Grand Prix,2013,,,,,,,
856 890 20,,5,vettel,11,0,+1:15.527,4,Hungarian 
Grand Prix,2013,,,,,,,
857 881 20,,5,vettel,11,0,+1:15.527,4,Malaysian 
Grand Prix,2013,,,,,,,
858 898 20,,5,vettel,11,0,+1:15.527,4,United 
States Grand Prix,,2013,,,,,,
859 894 20,,5,vettel,11,0,+1:15.527,4,Korean 
Grand Prix,2013,,,,,,,
860 884 3,,6,rosberg,11,0,+1:19.675,15,Spanish 
Grand Prix,2013,,,,,,,
861 882 8,,7,raikkonen,11,0,38.695,6,Chinese 
Grand Prix,2013,,,,,,,
862 883 3,,6,rosberg,11,0,50.454,9,Bahrain 
Grand Prix,2013,,,,,,,
863 885 3,,6,rosberg,11,0,65.111,2,Monaco 
Grand Prix,2013,,,,,,,
864 882 1,,44,hamilton,12,0,+1:18.900,11,Chinese 
Grand Prix,2013,,,,,,,
865 891 1,,44,hamilton,12,0,+1:18.900,11,Belgian 
Grand Prix,2013,,,,,,,
866 887 1,,44,hamilton,12,0,+1:18.900,11,British 
Grand Prix,2013,,,,,,,
867 890 1,,44,hamilton,12,0,+1:18.900,11,Hungarian 
Grand Prix,2013,,,,,,,
868 888 1,,44,hamilton,12,0,+1:18.900,11,German 
Grand Prix,2013,,,,,,,
869 885 3,,6,rosberg,12,0,57.642,14,Monaco 
Grand Prix,2013,,,,,,,
870 884 3,,6,rosberg,12,0,57.642,14,Spanish 
Grand Prix,2013,,,,,,,
871 883 3,,6,rosberg,12,0,57.642,14,Bahrain 
Grand Prix,2013,,,,,,,
872 893 20,,5,vettel,12,0,58.065,11,Singapore 
Grand Prix,2013,,,,,,,
873 899 20,,5,vettel,12,0,58.065,11,Brazilian 
Grand Prix,2013,,,,,,,
874 896 20,,5,vettel,12,0,58.065,11,Indian 
Grand Prix,2013,,,,,,,
875 898 20,,5,vettel,12,0,58.065,11,United 
States Grand Prix,,2013,,,,,,
876 880 20,,5,vettel,12,0,58.065,11,Australian 
Grand Prix,2013,,,,,,,
877 897 20,,5,vettel,12,0,58.065,11,Abu Dhabi 
Grand Prix,2013,,,,,,,
878 895 20,,5,vettel,12,0,58.065,11,Japanese 
Grand Prix,2013,,,,,,,
879 881 20,,5,vettel,12,0,58.065,11,Malaysian 
Grand Prix,2013,,,,,,,
880 894 20,,5,vettel,12,0,58.065,11,Korean 
Grand Prix,2013,,,,,,,
881 886 20,,5,vettel,12,0,58.065,11,Canadian 
Grand Prix,2013,,,,,,,
882 892 20,,5,vettel,12,0,58.065,11,Italian 
Grand Prix,2013,,,,,,,
883 898 154 8,,,grosjean,13,0,+1:16.474,11,United 
States Grand Prix,,2013,,,,,,
884 897 3,,6,rosberg,13,0,+1:18.593,11,Abu Dhabi 
Grand Prix,2013,,,,,,,
885 893 3,,6,rosberg,13,0,+1:18.593,11,Singapore 
Grand Prix,2013,,,,,,,
886 883 3,,6,rosberg,13,0,+1:18.593,11,Bahrain 
Grand Prix,2013,,,,,,,
887 884 3,,6,rosberg,13,0,+1:18.593,11,Spanish 
Grand Prix,2013,,,,,,,
888 899 3,,6,rosberg,13,0,+1:18.593,11,Brazilian 
Grand Prix,2013,,,,,,,
889 886 1,,44,hamilton,13,0,+1:20.454,15,Canadian 
Grand Prix,2013,,,,,,,
890 890 1,,,44,hamilton,13,0,+1:20.454,15,Hungarian 
Grand Prix,,2013,,,,,,,
891 880 1,,,44,hamilton,13,0,+1:20.454,15,Australian 
Grand Prix,,2013,,,,,,,
892 882 1,,,44,hamilton,13,0,+1:20.454,15,Chinese 
Grand Prix,,2013,,,,,,,
893 895 1,,,44,hamilton,13,0,+1:20.454,15,Japanese 
Grand Prix,,2013,,,,,,,
894 894 1,,,44,hamilton,13,0,+1:20.454,15,Korean 
Grand Prix,,2013,,,,,,,
895 887 1,,,44,hamilton,13,0,+1:20.454,15,British 
Grand Prix,,2013,,,,,,,
896 891 1,,,44,hamilton,13,0,+1:20.454,15,Belgian 
Grand Prix,,2013,,,,,,,
897 888 1,,,44,hamilton,13,0,+1:20.454,15,German 
Grand Prix,,2013,,,,,,,
898,881,13 19 massa 13 0,,,,+1:26.914,11,Malaysian Grand ,
Prix,2013,,,,,,,,
899 892 807 27,,,,hulkenberg,13,0,+1:28.258,15,Italian 
Grand Prix,,2013,,,,,,,
900,896,3,6,rosberg,13,0,85.51 8,Indian Grand Prix,
,2013,,,,,,,,
901,885,3,6,rosberg,13,0,85.51 8,Monaco Grand Prix,
,2013,,,,,,,,
902,880,4,14,alonso,14,0,+1:02.385,1,Australian 
Grand Prix,,2013,,,,,,,
903 887 3,,,6,rosberg,14,0,+1:08.635,10,British 
Grand Prix,,2013,,,,,,,
904 896 3,,,6,rosberg,14,0,+1:08.635,10,Indian 
Grand Prix,,2013,,,,,,,
905 894 3,,,6,rosberg,14,0,+1:08.635,10,Korean 
Grand Prix,,2013,,,,,,,
906 884 3,,,6,rosberg,14,0,+1:08.635,10,Spanish 
Grand Prix,,2013,,,,,,,
907 895 3,,,6,rosberg,14,0,+1:08.635,10,Japanese 
Grand Prix,,2013,,,,,,,
908 899 3,,,6,rosberg,14,0,+1:08.635,10,Brazilian 
Grand Prix,,2013,,,,,,,
909 885 3,,,6,rosberg,14,0,+1:08.635,10,Monaco 
Grand Prix,,2013,,,,,,,
910 891 3,,,6,rosberg,14,0,+1:08.635,10,Belgian 
Grand Prix,,2013,,,,,,,
911 883 3,,,6,rosberg,14,0,+1:08.635,10,Bahrain 
Grand Prix,,2013,,,,,,,
912 881 3,,,6,rosberg,14,0,+1:08.635,10,Malaysian 
Grand Prix,,2013,,,,,,,
913 893 3,,,6,rosberg,14,0,+1:08.635,10,Singapore 
Grand Prix,,2013,,,,,,,
914 897 3,,,6,rosberg,14,0,+1:08.635,10,Abu Dhabi 
Grand Prix,,2013,,,,,,,
915 890 3,,,6,rosberg,14,0,+1:08.635,10,Hungarian 
Grand Prix,,2013,,,,,,,
916 886 822 77,,,,bottas,14,0,+1:21.511,9,Canadian 
Grand Prix,,2013,,,,,,,
917 882 8,7,raikkonen,14,0,50.573,18,Chinese 
Grand Prix,2013,,,,,,
918 888 8,7,raikkonen,14,0,50.573,18,German 
Grand Prix,2013,,,,,,
919 892 807 27,,hulkenberg,14,0,99.413,1,Italian 
Grand Prix,2013,,,,,,
920 898 807 27,,hulkenberg,14,0,99.413,1,United 
States Grand Prix,2013,,,,,,
921,881 13,19,massa 15,0,+1:07.489,2,Malaysian Grand 
Prix,2013,,,,,,
922 890 154 8,,grosjean,15,0,+1:31.774,9,Hungarian 
Grand Prix,2013,,,,,,
923 894 154 8,,grosjean,15,0,+1:31.774,9,Korean 
Grand Prix,2013,,,,,,
924 888 154 8,,grosjean,15,0,+1:31.774,9,German 
Grand Prix,2013,,,,,,
925 895 154 8,,grosjean,15,0,+1:31.774,9,Japanese 
Grand Prix,2013,,,,,,
926 898 154 8,,grosjean,15,0,+1:31.774,9,United 
States Grand Prix,2013,,,,,,
927,880 13,19,massa 15,0,+1:37.319,13,Australian Grand 
Prix,2013,,,,,,
928 886 822 77,,bottas,15,0,+1:47.456,13,Canadian 
Grand Prix,2013,,,,,,
929 892 807 27,,hulkenberg,15,0,51.213,9,Italian 
Grand Prix,2013,,,,,,
930 887 3,6,rosberg,15,0,57.394,11,British 
Grand Prix,2013,,,,,,
931 896 3,6,rosberg,15,0,57.394,11,Indian 
Grand Prix,2013,,,,,,
932 893 3,6,rosberg,15,0,57.394,11,Singapore 
Grand Prix,2013,,,,,,
933 899 3,6,rosberg,15,0,57.394,11,Brazilian 
Grand Prix,2013,,,,,,
934 885 3,6,rosberg,15,0,57.394,11,Monaco 
Grand Prix,2013,,,,,,
935 884 3,6,rosberg,15,0,57.394,11,Spanish 
Grand Prix,2013,,,,,,
936 882 3,6,rosberg,15,0,57.394,11,Chinese 
Grand Prix,2013,,,,,,
937 891 3,6,rosberg,15,0,57.394,11,Belgian 
Grand Prix,2013,,,,,,
938 883 3,6,rosberg,15,0,57.394,11,Bahrain 
Grand Prix,2013,,,,,,
939 897 3,6,rosberg,15,0,57.394,11,Abu Dhabi 
Grand Prix,2013,,,,,,
940 895 807 27,,hulkenberg,16,0,+1:04.763,9,Japanese 
Grand Prix,2013,,,,,,
941 896 807 27,,hulkenberg,16,0,+1:04.763,9,Indian 
Grand Prix,2013,,,,,,
942 897 807 27,,hulkenberg,16,0,+1:04.763,9,Abu Dhabi 
Grand Prix,2013,,,,,,
943 894 807 27,,hulkenberg,16,0,+1:04.763,9,Korean 
Grand Prix,2013,,,,,,
944 890 807 27,,,hulkenberg,16,0,+1:04.763,9,Hungarian 
Grand Prix,2013,,,,,,,
945 892 807 27,,,hulkenberg,16,0,+1:04.763,9,Italian 
Grand Prix,2013,,,,,,,
946 898 807 27,,,hulkenberg,16,0,+1:04.763,9,United 
States Grand Prix,,2013,,,,,,
947 888 18,,22,button,16,0,+1:21.994,10,German 
Grand Prix,2013,,,,,,,
948 891 18,,22,button,16,0,+1:21.994,10,Belgian 
Grand Prix,2013,,,,,,,
949 887 18,,22,button,16,0,+1:21.994,10,British 
Grand Prix,2013,,,,,,,
950 880 18,,22,button,16,0,+1:21.994,10,Australian 
Grand Prix,2013,,,,,,,
951 883 18,,22,button,16,0,+1:21.994,10,Bahrain 
Grand Prix,2013,,,,,,,
952 881 18,,22,button,16,0,+1:21.994,10,Malaysian 
Grand Prix,2013,,,,,,,
953 893 18,,22,button,16,0,+1:21.994,10,Singapore 
Grand Prix,2013,,,,,,,
954 882 18,,22,button,16,0,+1:21.994,10,Chinese 
Grand Prix,2013,,,,,,,
955 885 18,,22,button,16,0,+1:21.994,10,Monaco 
Grand Prix,2013,,,,,,,
956 884 818 25,,,vergne,16,0,51.756,2,Spanish 
Grand Prix,2013,,,,,,,
957 899 818 25,,,vergne,16,0,51.756,2,Brazilian 
Grand Prix,2013,,,,,,,
958 886 818 25,,,vergne,16,0,51.756,2,Canadian 
Grand Prix,2013,,,,,,,
959 892 817 3,,,ricciardo,17,0,+1:03.156,15,Italian 
Grand Prix,2013,,,,,,,
960 899 817 3,,,ricciardo,17,0,+1:03.156,15,Brazilian 
Grand Prix,2013,,,,,,,
961 886 817 3,,,ricciardo,17,0,+1:03.156,15,Canadian 
Grand Prix,2013,,,,,,,
962 888 817 3,,,ricciardo,17,0,+1:03.156,15,German 
Grand Prix,2013,,,,,,,
963 894 817 3,,,ricciardo,17,0,+1:03.156,15,Korean 
Grand Prix,2013,,,,,,,
964 880 817 3,,,ricciardo,17,0,+1:03.156,15,Australian 
Grand Prix,2013,,,,,,,
965 895 817 3,,,ricciardo,17,0,+1:03.156,15,Japanese 
Grand Prix,2013,,,,,,,
966 884 817 3,,,ricciardo,17,0,+1:03.156,15,Spanish 
Grand Prix,2013,,,,,,,
967 897 817 3,,,ricciardo,17,0,+1:03.156,15,Abu Dhabi 
Grand Prix,2013,,,,,,,
968 883 817 3,,,ricciardo,17,0,+1:03.156,15,Bahrain 
Grand Prix,2013,,,,,,,
969 881 817 3,,,ricciardo,17,0,+1:03.156,15,Malaysian 
Grand Prix,2013,,,,,,,
970 890 817 3,,,ricciardo,17,0,+1:03.156,15,Hungarian 
Grand Prix,2013,,,,,,,
971 887 817 3,,,ricciardo,17,0,+1:03.156,15,British 
Grand Prix,2013,,,,,,,
972 898 817 3,,,ricciardo,17,0,+1:03.156,15,United 
States Grand Prix2013,,,,,,,,
973 885 817 3,,,ricciardo,17,0,+1:03.156,15,Monaco 
Grand Prix,2013,,,,,,,
974 896 817 3,,,ricciardo,17,0,+1:03.156,15,Indian 
Grand Prix,2013,,,,,,,
975 882 817 3,,,ricciardo,17,0,+1:03.156,15,Chinese 
Grand Prix,2013,,,,,,,
976 893 817 3,,,ricciardo,17,0,+1:03.156,15,Singapore 
Grand Prix,2013,,,,,,,
977 891 820 4,,,chilton,17,0,+1:07.660,22,Belgian 
Grand Prix,2013,,,,,,,
978,907,13,19,massa 1,10,28:51.1,2,Austrian Grand 
Prix,2014,,,,,,,
979,918 3,6,rosberg,1,25,32:52.4,1,Abu Dhabi 
Grand Prix,2014,,,,,,,
980 916 3,,6,rosberg,1,25,32:52.4,1,United 
States Grand Prix,,2014,,,,,,
981 914 3,,6,rosberg,1,25,32:52.4,1,Japanese 
Grand Prix,2014,,,,,,,
982 909 3,,6,rosberg,1,25,32:52.4,1,German 
Grand Prix,2014,,,,,,,
983 906 3,,6,rosberg,1,25,32:52.4,1,Canadian 
Grand Prix,2014,,,,,,,
984 905 3,,6,rosberg,1,25,32:52.4,1,Monaco 
Grand Prix,2014,,,,,,,
985 910 3,,6,rosberg,1,25,32:52.4,1,Hungarian 
Grand Prix,2014,,,,,,,
986 902 3,,6,rosberg,1,25,32:52.4,1,Bahrain 
Grand Prix,2014,,,,,,,
987 917 3,,6,rosberg,1,25,32:52.4,1,Brazilian 
Grand Prix,2014,,,,,,,
988 908 3,,6,rosberg,1,25,32:52.4,1,British 
Grand Prix,2014,,,,,,,
989 911 3,,6,rosberg,1,25,32:52.4,1,Belgian 
Grand Prix,2014,,,,,,,
990 900 817 3,,,ricciardo,1,25,37:12.8,3,Australian 
Grand Prix,2014,,,,,,,
991 901 1,,44,hamilton,1,25,50:52.7,2,Malaysian 
Grand Prix,2014,,,,,,,
992 912 1,,44,hamilton,1,25,50:52.7,2,Italian 
Grand Prix,2014,,,,,,,
993 915 1,,44,hamilton,1,25,50:52.7,2,Russian 
Grand Prix,2014,,,,,,,
994 903 1,,44,hamilton,1,25,50:52.7,2,Chinese 
Grand Prix,2014,,,,,,,
995 913 1,,44,hamilton,1,25,50:52.7,2,Singapore 
Grand Prix,2014,,,,,,,
996 904 1,,44,hamilton,1,25,50:52.7,2,Spanish 
Grand Prix,2014,,,,,,,
997 900 817 3,,,ricciardo,2,18,0.488 1,Australian Grand ,
Prix,2014,,,,,,,
998,904,1,44,hamilton,2,18,0.63,1,Spanish Grand 
Prix,2014,,,,,,,,
999,903,1,44,hamilton,2,18,15.07 4,,Chinese Grand 
Prix,2014,,,,,,,,
